product_1_star,product_2_star,product_3_star,product_4_star,product_5_star,product_avg_rating,product_img,product_url
0%,1%,3%,5%,92%,4.9,https://images-na.ssl-images-amazon.com/images/I/713RMliztIL.__AC_SX300_SY300_QL70_ML2_.jpg,https://www.amazon.com//Headphones-Microphone-noot-products-K12/dp/B07TKBTCVS/ref=sr_1_32?crid=A88Q82ATWW8O&keywords=headphones&qid=1640017975&sprefix=headp%2Caps%2C314&sr=8-32
1%,0%,6%,6%,87%,4.8,https://images-na.ssl-images-amazon.com/images/I/71OpGvsy0RL.__AC_SY300_SX300_QL70_ML2_.jpg,https://www.amazon.com//Headphones-Microphone-noot-products-K12/dp/B07TKBTCVS/ref=sr_1_32?crid=A88Q82ATWW8O&keywords=headphones&qid=1640017975&sprefix=headp%2Caps%2C314&sr=8-32
3%,1%,3%,9%,84%,4.7,https://m.media-amazon.com/images/I/51QxA-98Q+L._AC_SX342_SY445_.jpg,https://www.amazon.com//Headphones-Microphone-noot-products-K12/dp/B07TKBTCVS/ref=sr_1_32?crid=A88Q82ATWW8O&keywords=headphones&qid=1640017975&sprefix=headp%2Caps%2C314&sr=8-32
0%,2%,3%,11%,84%,4.8,https://images-na.ssl-images-amazon.com/images/I/51kalFzHKdL.__AC_SX300_SY300_QL70_ML2_.jpg,https://www.amazon.com//Headphones-Microphone-noot-products-K12/dp/B07TKBTCVS/ref=sr_1_32?crid=A88Q82ATWW8O&keywords=headphones&qid=1640017975&sprefix=headp%2Caps%2C314&sr=8-32
2%,0%,3%,6%,89%,4.8,https://images-na.ssl-images-amazon.com/images/I/71nTnRBWW6L.__AC_SX300_SY300_QL70_ML2_.jpg,https://www.amazon.com//Headphones-Microphone-noot-products-K12/dp/B07TKBTCVS/ref=sr_1_32?crid=A88Q82ATWW8O&keywords=headphones&qid=1640017975&sprefix=headp%2Caps%2C314&sr=8-32
0%,0%,3%,19%,78%,4.8,https://images-na.ssl-images-amazon.com/images/I/51heBgNPg-L.__AC_SX300_SY300_QL70_ML2_.jpg,https://www.amazon.com//Headphones-Microphone-noot-products-K12/dp/B07TKBTCVS/ref=sr_1_32?crid=A88Q82ATWW8O&keywords=headphones&qid=1640017975&sprefix=headp%2Caps%2C314&sr=8-32
0%,1%,3%,10%,85%,4.8,https://images-na.ssl-images-amazon.com/images/I/81enFh4oiwL.__AC_SX300_SY300_QL70_ML2_.jpg,https://www.amazon.com//Headphones-Microphone-noot-products-K12/dp/B07TKBTCVS/ref=sr_1_32?crid=A88Q82ATWW8O&keywords=headphones&qid=1640017975&sprefix=headp%2Caps%2C314&sr=8-32
0%,0%,4%,9%,87%,4.8,https://images-na.ssl-images-amazon.com/images/I/81T59yozmpL.__AC_SX300_SY300_QL70_ML2_.jpg,https://www.amazon.com//Headphones-Microphone-noot-products-K12/dp/B07TKBTCVS/ref=sr_1_32?crid=A88Q82ATWW8O&keywords=headphones&qid=1640017975&sprefix=headp%2Caps%2C314&sr=8-32
2%,0%,2%,7%,89%,4.8,https://images-na.ssl-images-amazon.com/images/I/61cxhin4XqL.__AC_SX300_SY300_QL70_ML2_.jpg,https://www.amazon.com//Headphones-Microphone-noot-products-K12/dp/B07TKBTCVS/ref=sr_1_32?crid=A88Q82ATWW8O&keywords=headphones&qid=1640017975&sprefix=headp%2Caps%2C314&sr=8-32
0%,0%,3%,8%,89%,4.9,https://images-na.ssl-images-amazon.com/images/I/81Xy2cU4qQL.__AC_SX300_SY300_QL70_ML2_.jpg,https://www.amazon.com//Headphones-Microphone-noot-products-K12/dp/B07TKBTCVS/ref=sr_1_32?crid=A88Q82ATWW8O&keywords=headphones&qid=1640017975&sprefix=headp%2Caps%2C314&sr=8-32
0%,1%,2%,12%,86%,4.8,https://images-na.ssl-images-amazon.com/images/I/41q2J2EY9MS.__AC_SX300_SY300_QL70_ML2_.jpg,https://www.amazon.com//Headphones-Microphone-noot-products-K12/dp/B07TKBTCVS/ref=sr_1_32?crid=A88Q82ATWW8O&keywords=headphones&qid=1640017975&sprefix=headp%2Caps%2C314&sr=8-32
0%,0%,0%,13%,87%,4.9,https://images-na.ssl-images-amazon.com/images/I/61Fvb1vkxIL.__AC_SX300_SY300_QL70_ML2_.jpg,https://www.amazon.com//Headphones-Microphone-noot-products-K12/dp/B07TKBTCVS/ref=sr_1_32?crid=A88Q82ATWW8O&keywords=headphones&qid=1640017975&sprefix=headp%2Caps%2C314&sr=8-32
1%,1%,2%,9%,87%,4.8,https://images-na.ssl-images-amazon.com/images/I/61HL0tbcVPL.__AC_SX300_SY300_QL70_ML2_.jpg,https://www.amazon.com//Headphones-Microphone-noot-products-K12/dp/B07TKBTCVS/ref=sr_1_32?crid=A88Q82ATWW8O&keywords=headphones&qid=1640017975&sprefix=headp%2Caps%2C314&sr=8-32
1%,2%,2%,7%,88%,4.8,https://images-na.ssl-images-amazon.com/images/I/81ydKOdA0sL.__AC_SX300_SY300_QL70_ML2_.jpg,https://www.amazon.com//Vic-Kidphones-Non-electronic-Isolation-headphones/dp/B000Z31GGE/ref=sr_1_48?crid=A88Q82ATWW8O&keywords=headphones&qid=1640017979&sprefix=headp%2Caps%2C314&sr=8-48
2%,1%,3%,9%,85%,4.8,https://images-na.ssl-images-amazon.com/images/I/81UrUMCKXDL.__AC_SX300_SY300_QL70_ML2_.jpg,https://www.amazon.com//Vic-Kidphones-Non-electronic-Isolation-headphones/dp/B000Z31GGE/ref=sr_1_48?crid=A88Q82ATWW8O&keywords=headphones&qid=1640017979&sprefix=headp%2Caps%2C314&sr=8-48
2%,1%,3%,9%,85%,4.8,https://m.media-amazon.com/images/I/71I0lybSq+L._AC_SY300_SX300_.jpg,https://www.amazon.com//Vic-Kidphones-Non-electronic-Isolation-headphones/dp/B000Z31GGE/ref=sr_1_48?crid=A88Q82ATWW8O&keywords=headphones&qid=1640017979&sprefix=headp%2Caps%2C314&sr=8-48
2%,1%,3%,10%,84%,4.7,https://images-na.ssl-images-amazon.com/images/I/71Aclgd057L.__AC_SX300_SY300_QL70_ML2_.jpg,https://www.amazon.com//Vic-Kidphones-Non-electronic-Isolation-headphones/dp/B000Z31GGE/ref=sr_1_48?crid=A88Q82ATWW8O&keywords=headphones&qid=1640017979&sprefix=headp%2Caps%2C314&sr=8-48
1%,2%,4%,13%,80%,4.7,https://images-na.ssl-images-amazon.com/images/I/71GYpKox90L.__AC_SX300_SY300_QL70_ML2_.jpg,https://www.amazon.com//Vic-Kidphones-Non-electronic-Isolation-headphones/dp/B000Z31GGE/ref=sr_1_48?crid=A88Q82ATWW8O&keywords=headphones&qid=1640017979&sprefix=headp%2Caps%2C314&sr=8-48
2%,2%,3%,11%,83%,4.7,https://images-na.ssl-images-amazon.com/images/I/61rC-yMhtZL.__AC_SX300_SY300_QL70_ML2_.jpg,https://www.amazon.com//Vic-Kidphones-Non-electronic-Isolation-headphones/dp/B000Z31GGE/ref=sr_1_48?crid=A88Q82ATWW8O&keywords=headphones&qid=1640017979&sprefix=headp%2Caps%2C314&sr=8-48
2%,1%,5%,13%,79%,4.7,https://m.media-amazon.com/images/I/71EjJm0+2UL._AC_SY300_SX300_.jpg,https://www.amazon.com//Vic-Kidphones-Non-electronic-Isolation-headphones/dp/B000Z31GGE/ref=sr_1_48?crid=A88Q82ATWW8O&keywords=headphones&qid=1640017979&sprefix=headp%2Caps%2C314&sr=8-48
3%,2%,3%,10%,82%,4.7,https://images-na.ssl-images-amazon.com/images/I/61mq3DocJ1L.__AC_SX300_SY300_QL70_ML2_.jpg,https://www.amazon.com//Vic-Kidphones-Non-electronic-Isolation-headphones/dp/B000Z31GGE/ref=sr_1_48?crid=A88Q82ATWW8O&keywords=headphones&qid=1640017979&sprefix=headp%2Caps%2C314&sr=8-48
1%,1%,4%,13%,81%,4.7,https://images-na.ssl-images-amazon.com/images/I/61YaH4ekhVL.__AC_SX300_SY300_QL70_ML2_.jpg,https://www.amazon.com//Vic-Kidphones-Non-electronic-Isolation-headphones/dp/B000Z31GGE/ref=sr_1_48?crid=A88Q82ATWW8O&keywords=headphones&qid=1640017979&sprefix=headp%2Caps%2C314&sr=8-48
2%,2%,4%,13%,79%,4.7,https://images-na.ssl-images-amazon.com/images/I/816xGwuaaOL.__AC_SX300_SY300_QL70_ML2_.jpg,https://www.amazon.com//Vic-Kidphones-Non-electronic-Isolation-headphones/dp/B000Z31GGE/ref=sr_1_48?crid=A88Q82ATWW8O&keywords=headphones&qid=1640017979&sprefix=headp%2Caps%2C314&sr=8-48
3%,1%,3%,9%,84%,4.7,https://m.media-amazon.com/images/I/51-+O3-wFxL._AC_SX342_SY445_.jpg,https://www.amazon.com//Vic-Kidphones-Non-electronic-Isolation-headphones/dp/B000Z31GGE/ref=sr_1_48?crid=A88Q82ATWW8O&keywords=headphones&qid=1640017979&sprefix=headp%2Caps%2C314&sr=8-48
3%,2%,4%,10%,82%,4.7,https://images-na.ssl-images-amazon.com/images/I/519EahgX90L.__AC_SY300_SX300_QL70_ML2_.jpg,https://www.amazon.com//Vic-Kidphones-Non-electronic-Isolation-headphones/dp/B000Z31GGE/ref=sr_1_48?crid=A88Q82ATWW8O&keywords=headphones&qid=1640017979&sprefix=headp%2Caps%2C314&sr=8-48
4%,1%,3%,9%,83%,4.7,https://images-na.ssl-images-amazon.com/images/I/714og8zjjDL.__AC_SX342_SY445_QL70_ML2_.jpg,https://www.amazon.com//Vic-Kidphones-Non-electronic-Isolation-headphones/dp/B000Z31GGE/ref=sr_1_48?crid=A88Q82ATWW8O&keywords=headphones&qid=1640017979&sprefix=headp%2Caps%2C314&sr=8-48
1%,1%,4%,13%,80%,4.7,https://images-na.ssl-images-amazon.com/images/I/71cBALUrUAL.__AC_SX300_SY300_QL70_ML2_.jpg,https://www.amazon.com//i37-Headphones-Adjustable-Compatible-Cellphones/dp/B078XZX9MD/ref=sr_1_64?crid=A88Q82ATWW8O&keywords=headphones&qid=1640017982&sprefix=headp%2Caps%2C314&sr=8-64
2%,1%,4%,13%,80%,4.7,https://images-na.ssl-images-amazon.com/images/I/51eL8U9VWaS.__AC_SX300_SY300_QL70_ML2_.jpg,https://www.amazon.com//i37-Headphones-Adjustable-Compatible-Cellphones/dp/B078XZX9MD/ref=sr_1_64?crid=A88Q82ATWW8O&keywords=headphones&qid=1640017982&sprefix=headp%2Caps%2C314&sr=8-64
2%,2%,4%,11%,81%,4.7,https://images-na.ssl-images-amazon.com/images/I/813vag8o5QL.__AC_SX300_SY300_QL70_ML2_.jpg,https://www.amazon.com//i37-Headphones-Adjustable-Compatible-Cellphones/dp/B078XZX9MD/ref=sr_1_64?crid=A88Q82ATWW8O&keywords=headphones&qid=1640017982&sprefix=headp%2Caps%2C314&sr=8-64
2%,1%,4%,13%,81%,4.7,https://images-na.ssl-images-amazon.com/images/I/71iHz1BCPCL.__AC_SX300_SY300_QL70_ML2_.jpg,https://www.amazon.com//i37-Headphones-Adjustable-Compatible-Cellphones/dp/B078XZX9MD/ref=sr_1_64?crid=A88Q82ATWW8O&keywords=headphones&qid=1640017982&sprefix=headp%2Caps%2C314&sr=8-64
2%,1%,3%,8%,85%,4.7,https://m.media-amazon.com/images/I/81+jNVOUsJL._AC_SY300_SX300_.jpg,https://www.amazon.com//i37-Headphones-Adjustable-Compatible-Cellphones/dp/B078XZX9MD/ref=sr_1_64?crid=A88Q82ATWW8O&keywords=headphones&qid=1640017982&sprefix=headp%2Caps%2C314&sr=8-64
2%,3%,5%,8%,82%,4.7,https://images-na.ssl-images-amazon.com/images/I/61CY7Q7m3kL.__AC_SX300_SY300_QL70_ML2_.jpg,https://www.amazon.com//i37-Headphones-Adjustable-Compatible-Cellphones/dp/B078XZX9MD/ref=sr_1_64?crid=A88Q82ATWW8O&keywords=headphones&qid=1640017982&sprefix=headp%2Caps%2C314&sr=8-64
3%,3%,3%,6%,85%,4.7,https://m.media-amazon.com/images/I/81ZiNYR+U8L._AC_SY300_SX300_.jpg,https://www.amazon.com//i37-Headphones-Adjustable-Compatible-Cellphones/dp/B078XZX9MD/ref=sr_1_64?crid=A88Q82ATWW8O&keywords=headphones&qid=1640017982&sprefix=headp%2Caps%2C314&sr=8-64
2%,1%,4%,12%,80%,4.7,https://images-na.ssl-images-amazon.com/images/I/51jnken0iML.__AC_SX300_SY300_QL70_ML2_.jpg,https://www.amazon.com//i37-Headphones-Adjustable-Compatible-Cellphones/dp/B078XZX9MD/ref=sr_1_64?crid=A88Q82ATWW8O&keywords=headphones&qid=1640017982&sprefix=headp%2Caps%2C314&sr=8-64
2%,1%,3%,14%,81%,4.7,https://images-na.ssl-images-amazon.com/images/I/71MMiygUlVL.__AC_SX300_SY300_QL70_ML2_.jpg,https://www.amazon.com//i37-Headphones-Adjustable-Compatible-Cellphones/dp/B078XZX9MD/ref=sr_1_64?crid=A88Q82ATWW8O&keywords=headphones&qid=1640017982&sprefix=headp%2Caps%2C314&sr=8-64
3%,2%,4%,11%,81%,4.7,https://m.media-amazon.com/images/I/51-jZfpT+DL._AC_SY300_SX300_.jpg,https://www.amazon.com//i37-Headphones-Adjustable-Compatible-Cellphones/dp/B078XZX9MD/ref=sr_1_64?crid=A88Q82ATWW8O&keywords=headphones&qid=1640017982&sprefix=headp%2Caps%2C314&sr=8-64
2%,1%,4%,12%,81%,4.7,https://images-na.ssl-images-amazon.com/images/I/91GF91SSNIL.__AC_SX300_SY300_QL70_ML2_.jpg,https://www.amazon.com//i37-Headphones-Adjustable-Compatible-Cellphones/dp/B078XZX9MD/ref=sr_1_64?crid=A88Q82ATWW8O&keywords=headphones&qid=1640017982&sprefix=headp%2Caps%2C314&sr=8-64
2%,3%,5%,9%,81%,4.7,https://images-na.ssl-images-amazon.com/images/I/71RhWeHVeLL.__AC_SX300_SY300_QL70_ML2_.jpg,https://www.amazon.com//i37-Headphones-Adjustable-Compatible-Cellphones/dp/B078XZX9MD/ref=sr_1_64?crid=A88Q82ATWW8O&keywords=headphones&qid=1640017982&sprefix=headp%2Caps%2C314&sr=8-64
1%,3%,4%,9%,83%,4.7,https://images-na.ssl-images-amazon.com/images/I/71e3CokPkDL.__AC_SX300_SY300_QL70_ML2_.jpg,https://www.amazon.com//i37-Headphones-Adjustable-Compatible-Cellphones/dp/B078XZX9MD/ref=sr_1_64?crid=A88Q82ATWW8O&keywords=headphones&qid=1640017982&sprefix=headp%2Caps%2C314&sr=8-64
3%,2%,4%,8%,84%,4.7,https://images-na.ssl-images-amazon.com/images/I/31Ptw7FPAAL._SX300_SY300_QL70_ML2_.jpg,https://www.amazon.com//i37-Headphones-Adjustable-Compatible-Cellphones/dp/B078XZX9MD/ref=sr_1_64?crid=A88Q82ATWW8O&keywords=headphones&qid=1640017982&sprefix=headp%2Caps%2C314&sr=8-64
4%,1%,3%,8%,84%,4.7,https://m.media-amazon.com/images/I/81+jNVOUsJL._AC_SY300_SX300_.jpg,https://www.amazon.com//LilGadgets-Connect-Headphones-SharePort-Children/dp/B07Y2G745C/ref=sr_1_80?crid=A88Q82ATWW8O&keywords=headphones&qid=1640017986&sprefix=headp%2Caps%2C314&sr=8-80
3%,2%,3%,10%,83%,4.7,https://images-na.ssl-images-amazon.com/images/I/61zM6Ixx25L.__AC_SX300_SY300_QL70_ML2_.jpg,https://www.amazon.com//LilGadgets-Connect-Headphones-SharePort-Children/dp/B07Y2G745C/ref=sr_1_80?crid=A88Q82ATWW8O&keywords=headphones&qid=1640017986&sprefix=headp%2Caps%2C314&sr=8-80
3%,3%,0%,5%,89%,4.7,https://images-na.ssl-images-amazon.com/images/I/81xlpv2kBjL.__AC_SX300_SY300_QL70_ML2_.jpg,https://www.amazon.com//LilGadgets-Connect-Headphones-SharePort-Children/dp/B07Y2G745C/ref=sr_1_80?crid=A88Q82ATWW8O&keywords=headphones&qid=1640017986&sprefix=headp%2Caps%2C314&sr=8-80
0%,0%,0%,12%,88%,4.9,https://images-na.ssl-images-amazon.com/images/I/71ZYH3HU2vL.__AC_SX300_SY300_QL70_ML2_.jpg,https://www.amazon.com//LilGadgets-Connect-Headphones-SharePort-Children/dp/B07Y2G745C/ref=sr_1_80?crid=A88Q82ATWW8O&keywords=headphones&qid=1640017986&sprefix=headp%2Caps%2C314&sr=8-80
5%,0%,0%,8%,87%,4.7,https://images-na.ssl-images-amazon.com/images/I/61v1UdeyxmL.__AC_SX300_SY300_QL70_ML2_.jpg,https://www.amazon.com//LilGadgets-Connect-Headphones-SharePort-Children/dp/B07Y2G745C/ref=sr_1_80?crid=A88Q82ATWW8O&keywords=headphones&qid=1640017986&sprefix=headp%2Caps%2C314&sr=8-80
2%,2%,5%,13%,78%,4.6,https://images-na.ssl-images-amazon.com/images/I/61xoxvuPsAS.__AC_SX300_SY300_QL70_ML2_.jpg,https://www.amazon.com//LilGadgets-Connect-Headphones-SharePort-Children/dp/B07Y2G745C/ref=sr_1_80?crid=A88Q82ATWW8O&keywords=headphones&qid=1640017986&sprefix=headp%2Caps%2C314&sr=8-80
0%,4%,0%,10%,86%,4.8,https://images-na.ssl-images-amazon.com/images/I/81wc1xwT1JL.__AC_SX300_SY300_QL70_ML2_.jpg,https://www.amazon.com//LilGadgets-Connect-Headphones-SharePort-Children/dp/B07Y2G745C/ref=sr_1_80?crid=A88Q82ATWW8O&keywords=headphones&qid=1640017986&sprefix=headp%2Caps%2C314&sr=8-80
2%,2%,3%,6%,87%,4.7,https://images-na.ssl-images-amazon.com/images/I/91KJCoWxogL.__AC_SX300_SY300_QL70_ML2_.jpg,https://www.amazon.com//LilGadgets-Connect-Headphones-SharePort-Children/dp/B07Y2G745C/ref=sr_1_80?crid=A88Q82ATWW8O&keywords=headphones&qid=1640017986&sprefix=headp%2Caps%2C314&sr=8-80
1%,4%,4%,8%,84%,4.7,https://images-na.ssl-images-amazon.com/images/I/41kdNA1wnNL.__AC_SY445_SX342_QL70_ML2_.jpg,https://www.amazon.com//LilGadgets-Connect-Headphones-SharePort-Children/dp/B07Y2G745C/ref=sr_1_80?crid=A88Q82ATWW8O&keywords=headphones&qid=1640017986&sprefix=headp%2Caps%2C314&sr=8-80
3%,1%,3%,12%,81%,4.7,https://images-na.ssl-images-amazon.com/images/I/71So77iFC6L.__AC_SX300_SY300_QL70_ML2_.jpg,https://www.amazon.com//LilGadgets-Connect-Headphones-SharePort-Children/dp/B07Y2G745C/ref=sr_1_80?crid=A88Q82ATWW8O&keywords=headphones&qid=1640017986&sprefix=headp%2Caps%2C314&sr=8-80
2%,2%,3%,9%,84%,4.7,https://images-na.ssl-images-amazon.com/images/I/71y01f8C3vL.__AC_SX300_SY300_QL70_ML2_.jpg,https://www.amazon.com//LilGadgets-Connect-Headphones-SharePort-Children/dp/B07Y2G745C/ref=sr_1_80?crid=A88Q82ATWW8O&keywords=headphones&qid=1640017986&sprefix=headp%2Caps%2C314&sr=8-80
0%,0%,0%,0%,100%,5.0,https://images-na.ssl-images-amazon.com/images/I/71LGcHrwfIL.__AC_SX300_SY300_QL70_ML2_.jpg,https://www.amazon.com//LilGadgets-Connect-Headphones-SharePort-Children/dp/B07Y2G745C/ref=sr_1_80?crid=A88Q82ATWW8O&keywords=headphones&qid=1640017986&sprefix=headp%2Caps%2C314&sr=8-80
2%,0%,6%,9%,83%,4.7,https://images-na.ssl-images-amazon.com/images/I/41unN25D6gL.__AC_SX300_SY300_QL70_ML2_.jpg,https://www.amazon.com//Headphones-Adjustable-Tangle-Free-Children-Parental/dp/B07PNQ9QVR/ref=sr_1_96?crid=A88Q82ATWW8O&keywords=headphones&qid=1640017989&sprefix=headp%2Caps%2C314&sr=8-96
2%,3%,3%,8%,84%,4.7,https://images-na.ssl-images-amazon.com/images/I/612oYRSDxbL.__AC_SX300_SY300_QL70_ML2_.jpg,https://www.amazon.com//Headphones-Adjustable-Tangle-Free-Children-Parental/dp/B07PNQ9QVR/ref=sr_1_96?crid=A88Q82ATWW8O&keywords=headphones&qid=1640017989&sprefix=headp%2Caps%2C314&sr=8-96
2%,1%,2%,15%,81%,4.7,https://images-na.ssl-images-amazon.com/images/I/61AzLDN3YOL.__AC_SX300_SY300_QL70_ML2_.jpg,https://www.amazon.com//Headphones-Adjustable-Tangle-Free-Children-Parental/dp/B07PNQ9QVR/ref=sr_1_96?crid=A88Q82ATWW8O&keywords=headphones&qid=1640017989&sprefix=headp%2Caps%2C314&sr=8-96
4%,2%,4%,12%,78%,4.6,https://images-na.ssl-images-amazon.com/images/I/71gOFlhEYuL.__AC_SX300_SY300_QL70_ML2_.jpg,https://www.amazon.com//Headphones-Adjustable-Tangle-Free-Children-Parental/dp/B07PNQ9QVR/ref=sr_1_96?crid=A88Q82ATWW8O&keywords=headphones&qid=1640017989&sprefix=headp%2Caps%2C314&sr=8-96
2%,2%,2%,14%,79%,4.7,https://images-na.ssl-images-amazon.com/images/I/61BUDPYPb6S.__AC_SX300_SY300_QL70_ML2_.jpg,https://www.amazon.com//Headphones-Adjustable-Tangle-Free-Children-Parental/dp/B07PNQ9QVR/ref=sr_1_96?crid=A88Q82ATWW8O&keywords=headphones&qid=1640017989&sprefix=headp%2Caps%2C314&sr=8-96
3%,2%,4%,11%,80%,4.6,https://m.media-amazon.com/images/I/61aD1xs+gwL._AC_SY300_SX300_.jpg,https://www.amazon.com//Headphones-Adjustable-Tangle-Free-Children-Parental/dp/B07PNQ9QVR/ref=sr_1_96?crid=A88Q82ATWW8O&keywords=headphones&qid=1640017989&sprefix=headp%2Caps%2C314&sr=8-96
3%,2%,6%,14%,75%,4.6,https://images-na.ssl-images-amazon.com/images/I/61pwHe8ejgS.__AC_SX300_SY300_QL70_ML2_.jpg,https://www.amazon.com//Headphones-Adjustable-Tangle-Free-Children-Parental/dp/B07PNQ9QVR/ref=sr_1_96?crid=A88Q82ATWW8O&keywords=headphones&qid=1640017989&sprefix=headp%2Caps%2C314&sr=8-96
2%,2%,5%,15%,76%,4.6,https://images-na.ssl-images-amazon.com/images/I/61JcYeMnkzL.__AC_SX300_SY300_QL70_ML2_.jpg,https://www.amazon.com//Headphones-Adjustable-Tangle-Free-Children-Parental/dp/B07PNQ9QVR/ref=sr_1_96?crid=A88Q82ATWW8O&keywords=headphones&qid=1640017989&sprefix=headp%2Caps%2C314&sr=8-96
3%,2%,5%,11%,79%,4.6,https://m.media-amazon.com/images/I/61+7N6oE69L._AC_SY300_SX300_.jpg,https://www.amazon.com//Headphones-Adjustable-Tangle-Free-Children-Parental/dp/B07PNQ9QVR/ref=sr_1_96?crid=A88Q82ATWW8O&keywords=headphones&qid=1640017989&sprefix=headp%2Caps%2C314&sr=8-96
4%,2%,5%,10%,78%,4.6,https://images-na.ssl-images-amazon.com/images/I/51Gm1kSEJRL.__AC_SY445_SX342_QL70_ML2_.jpg,https://www.amazon.com//Headphones-Adjustable-Tangle-Free-Children-Parental/dp/B07PNQ9QVR/ref=sr_1_96?crid=A88Q82ATWW8O&keywords=headphones&qid=1640017989&sprefix=headp%2Caps%2C314&sr=8-96
4%,2%,4%,12%,78%,4.6,https://images-na.ssl-images-amazon.com/images/I/7118TJAtRXL.__AC_SX300_SY300_QL70_ML2_.jpg,https://www.amazon.com//Headphones-Adjustable-Tangle-Free-Children-Parental/dp/B07PNQ9QVR/ref=sr_1_96?crid=A88Q82ATWW8O&keywords=headphones&qid=1640017989&sprefix=headp%2Caps%2C314&sr=8-96
3%,2%,5%,13%,77%,4.6,https://images-na.ssl-images-amazon.com/images/I/61YWXi9LSdS.__AC_SX300_SY300_QL70_ML2_.jpg,https://www.amazon.com//Headphones-Adjustable-Tangle-Free-Children-Parental/dp/B07PNQ9QVR/ref=sr_1_96?crid=A88Q82ATWW8O&keywords=headphones&qid=1640017989&sprefix=headp%2Caps%2C314&sr=8-96
2%,2%,6%,14%,76%,4.6,https://m.media-amazon.com/images/I/61Ca+bjvjoL._AC_SY300_SX300_.jpg,https://www.amazon.com//Headphones-Adjustable-Tangle-Free-Children-Parental/dp/B07PNQ9QVR/ref=sr_1_96?crid=A88Q82ATWW8O&keywords=headphones&qid=1640017989&sprefix=headp%2Caps%2C314&sr=8-96
2%,2%,4%,14%,78%,4.6,https://images-na.ssl-images-amazon.com/images/I/81OL7eorGHL.__AC_SX300_SY300_QL70_ML2_.jpg,https://www.amazon.com//Headphones-Adjustable-Tangle-Free-Children-Parental/dp/B07PNQ9QVR/ref=sr_1_96?crid=A88Q82ATWW8O&keywords=headphones&qid=1640017989&sprefix=headp%2Caps%2C314&sr=8-96
2%,2%,5%,15%,76%,4.6,https://images-na.ssl-images-amazon.com/images/I/71wQVZhuQ3L.__AC_SX300_SY300_QL70_ML2_.jpg,https://www.amazon.com//Headphones-Adjustable-Tangle-Free-Children-Parental/dp/B07PNQ9QVR/ref=sr_1_96?crid=A88Q82ATWW8O&keywords=headphones&qid=1640017989&sprefix=headp%2Caps%2C314&sr=8-96
0%,0%,0%,17%,83%,4.8,https://images-na.ssl-images-amazon.com/images/I/71yyNSjQjNL.__AC_SX300_SY300_QL70_ML2_.jpg,https://www.amazon.com//eKids-Headphones-Adjustable-Tangle-Free-Children/dp/B07SKKZS6Y/ref=sr_1_112?crid=A88Q82ATWW8O&keywords=headphones&qid=1640017992&sprefix=headp%2Caps%2C314&sr=8-112
3%,2%,5%,13%,78%,4.6,https://m.media-amazon.com/images/I/71FnR+97bQL._AC_SY300_SX300_.jpg,https://www.amazon.com//eKids-Headphones-Adjustable-Tangle-Free-Children/dp/B07SKKZS6Y/ref=sr_1_112?crid=A88Q82ATWW8O&keywords=headphones&qid=1640017992&sprefix=headp%2Caps%2C314&sr=8-112
3%,2%,6%,11%,77%,4.6,https://images-na.ssl-images-amazon.com/images/I/710T75r12wL.__AC_SX300_SY300_QL70_ML2_.jpg,https://www.amazon.com//eKids-Headphones-Adjustable-Tangle-Free-Children/dp/B07SKKZS6Y/ref=sr_1_112?crid=A88Q82ATWW8O&keywords=headphones&qid=1640017992&sprefix=headp%2Caps%2C314&sr=8-112
3%,2%,5%,14%,76%,4.6,https://images-na.ssl-images-amazon.com/images/I/61Yjw3vfc8L.__AC_SY300_SX300_QL70_ML2_.jpg,https://www.amazon.com//eKids-Headphones-Adjustable-Tangle-Free-Children/dp/B07SKKZS6Y/ref=sr_1_112?crid=A88Q82ATWW8O&keywords=headphones&qid=1640017992&sprefix=headp%2Caps%2C314&sr=8-112
2%,2%,4%,15%,77%,4.6,https://images-na.ssl-images-amazon.com/images/I/61Uo18V2XKL.__AC_SX300_SY300_QL70_ML2_.jpg,https://www.amazon.com//eKids-Headphones-Adjustable-Tangle-Free-Children/dp/B07SKKZS6Y/ref=sr_1_112?crid=A88Q82ATWW8O&keywords=headphones&qid=1640017992&sprefix=headp%2Caps%2C314&sr=8-112
4%,2%,5%,13%,76%,4.6,https://m.media-amazon.com/images/I/71O+YOWVkyS._AC_SY300_SX300_.jpg,https://www.amazon.com//eKids-Headphones-Adjustable-Tangle-Free-Children/dp/B07SKKZS6Y/ref=sr_1_112?crid=A88Q82ATWW8O&keywords=headphones&qid=1640017992&sprefix=headp%2Caps%2C314&sr=8-112
3%,2%,5%,13%,77%,4.6,https://images-na.ssl-images-amazon.com/images/I/61X2yz8DA0L.__AC_SX300_SY300_QL70_ML2_.jpg,https://www.amazon.com//eKids-Headphones-Adjustable-Tangle-Free-Children/dp/B07SKKZS6Y/ref=sr_1_112?crid=A88Q82ATWW8O&keywords=headphones&qid=1640017992&sprefix=headp%2Caps%2C314&sr=8-112
4%,2%,4%,13%,77%,4.6,https://images-na.ssl-images-amazon.com/images/I/51KEh6lalRS.__AC_SY300_SX300_QL70_ML2_.jpg,https://www.amazon.com//eKids-Headphones-Adjustable-Tangle-Free-Children/dp/B07SKKZS6Y/ref=sr_1_112?crid=A88Q82ATWW8O&keywords=headphones&qid=1640017992&sprefix=headp%2Caps%2C314&sr=8-112
2%,2%,5%,12%,78%,4.6,https://images-na.ssl-images-amazon.com/images/I/6187XHsp4jL.__AC_SX300_SY300_QL70_ML2_.jpg,https://www.amazon.com//eKids-Headphones-Adjustable-Tangle-Free-Children/dp/B07SKKZS6Y/ref=sr_1_112?crid=A88Q82ATWW8O&keywords=headphones&qid=1640017992&sprefix=headp%2Caps%2C314&sr=8-112
3%,2%,4%,10%,81%,4.6,https://images-na.ssl-images-amazon.com/images/I/61jzJ3TJRjL.__AC_SX300_SY300_QL70_ML2_.jpg,https://www.amazon.com//eKids-Headphones-Adjustable-Tangle-Free-Children/dp/B07SKKZS6Y/ref=sr_1_112?crid=A88Q82ATWW8O&keywords=headphones&qid=1640017992&sprefix=headp%2Caps%2C314&sr=8-112
4%,2%,5%,12%,77%,4.6,https://images-na.ssl-images-amazon.com/images/I/71fxwtl1l9L.__AC_SX300_SY300_QL70_ML2_.jpg,https://www.amazon.com//eKids-Headphones-Adjustable-Tangle-Free-Children/dp/B07SKKZS6Y/ref=sr_1_112?crid=A88Q82ATWW8O&keywords=headphones&qid=1640017992&sprefix=headp%2Caps%2C314&sr=8-112
2%,2%,4%,14%,78%,4.6,https://images-na.ssl-images-amazon.com/images/I/81LdX-kl0iL.__AC_SX300_SY300_QL70_ML2_.jpg,https://www.amazon.com//iClever-HS15-Kids-Headphones-Tangle-Free/dp/B07GLJMZN8/ref=sr_1_128?crid=A88Q82ATWW8O&keywords=headphones&qid=1640017995&sprefix=headp%2Caps%2C314&sr=8-128
3%,2%,5%,11%,78%,4.6,https://images-na.ssl-images-amazon.com/images/I/71KYGdaqvHL.__AC_SY300_SX300_QL70_ML2_.jpg,https://www.amazon.com//iClever-HS15-Kids-Headphones-Tangle-Free/dp/B07GLJMZN8/ref=sr_1_128?crid=A88Q82ATWW8O&keywords=headphones&qid=1640017995&sprefix=headp%2Caps%2C314&sr=8-128
3%,2%,4%,12%,78%,4.6,https://images-na.ssl-images-amazon.com/images/I/615Nba6dy4L.__AC_SX300_SY300_QL70_ML2_.jpg,https://www.amazon.com//iClever-HS15-Kids-Headphones-Tangle-Free/dp/B07GLJMZN8/ref=sr_1_128?crid=A88Q82ATWW8O&keywords=headphones&qid=1640017995&sprefix=headp%2Caps%2C314&sr=8-128
2%,2%,4%,14%,78%,4.6,https://images-na.ssl-images-amazon.com/images/I/81694z8PNiS.__AC_SX300_SY300_QL70_ML2_.jpg,https://www.amazon.com//iClever-HS15-Kids-Headphones-Tangle-Free/dp/B07GLJMZN8/ref=sr_1_128?crid=A88Q82ATWW8O&keywords=headphones&qid=1640017995&sprefix=headp%2Caps%2C314&sr=8-128
2%,1%,5%,15%,76%,4.6,https://images-na.ssl-images-amazon.com/images/I/71wZkex49qL.__AC_SX300_SY300_QL70_ML2_.jpg,https://www.amazon.com//iClever-HS15-Kids-Headphones-Tangle-Free/dp/B07GLJMZN8/ref=sr_1_128?crid=A88Q82ATWW8O&keywords=headphones&qid=1640017995&sprefix=headp%2Caps%2C314&sr=8-128
2%,2%,6%,16%,74%,4.6,https://images-na.ssl-images-amazon.com/images/I/71KtAZVyB2L.__AC_SX300_SY300_QL70_ML2_.jpg,https://www.amazon.com//iClever-HS15-Kids-Headphones-Tangle-Free/dp/B07GLJMZN8/ref=sr_1_128?crid=A88Q82ATWW8O&keywords=headphones&qid=1640017995&sprefix=headp%2Caps%2C314&sr=8-128
3%,3%,6%,10%,79%,4.6,https://images-na.ssl-images-amazon.com/images/I/41xoaqsKi7L.__AC_SY300_SX300_QL70_ML2_.jpg,https://www.amazon.com//iClever-HS15-Kids-Headphones-Tangle-Free/dp/B07GLJMZN8/ref=sr_1_128?crid=A88Q82ATWW8O&keywords=headphones&qid=1640017995&sprefix=headp%2Caps%2C314&sr=8-128
3%,2%,5%,15%,75%,4.6,https://images-na.ssl-images-amazon.com/images/I/81-R7tWdkqL.__AC_SX300_SY300_QL70_ML2_.jpg,https://www.amazon.com//iClever-HS15-Kids-Headphones-Tangle-Free/dp/B07GLJMZN8/ref=sr_1_128?crid=A88Q82ATWW8O&keywords=headphones&qid=1640017995&sprefix=headp%2Caps%2C314&sr=8-128
2%,3%,7%,12%,76%,4.6,https://images-na.ssl-images-amazon.com/images/I/81jp3UBfO4L.__AC_SX300_SY300_QL70_ML2_.jpg,https://www.amazon.com//iClever-HS15-Kids-Headphones-Tangle-Free/dp/B07GLJMZN8/ref=sr_1_128?crid=A88Q82ATWW8O&keywords=headphones&qid=1640017995&sprefix=headp%2Caps%2C314&sr=8-128
2%,3%,6%,14%,74%,4.6,https://images-na.ssl-images-amazon.com/images/I/81aCpeIPh7L.__AC_SX300_SY300_QL70_ML2_.jpg,https://www.amazon.com//iClever-HS15-Kids-Headphones-Tangle-Free/dp/B07GLJMZN8/ref=sr_1_128?crid=A88Q82ATWW8O&keywords=headphones&qid=1640017995&sprefix=headp%2Caps%2C314&sr=8-128
3%,2%,3%,12%,79%,4.6,https://images-na.ssl-images-amazon.com/images/I/71gXbDqJMFL.__AC_SX300_SY300_QL70_ML2_.jpg,https://www.amazon.com//iClever-HS15-Kids-Headphones-Tangle-Free/dp/B07GLJMZN8/ref=sr_1_128?crid=A88Q82ATWW8O&keywords=headphones&qid=1640017995&sprefix=headp%2Caps%2C314&sr=8-128
4%,2%,4%,11%,78%,4.6,https://images-na.ssl-images-amazon.com/images/I/61r37fGY4FS.__AC_SX300_SY300_QL70_ML2_.jpg,https://www.amazon.com//iClever-HS15-Kids-Headphones-Tangle-Free/dp/B07GLJMZN8/ref=sr_1_128?crid=A88Q82ATWW8O&keywords=headphones&qid=1640017995&sprefix=headp%2Caps%2C314&sr=8-128
3%,2%,4%,11%,80%,4.6,https://images-na.ssl-images-amazon.com/images/I/81vd5rDML9L.__AC_SX300_SY300_QL70_ML2_.jpg,https://www.amazon.com//iClever-HS15-Kids-Headphones-Tangle-Free/dp/B07GLJMZN8/ref=sr_1_128?crid=A88Q82ATWW8O&keywords=headphones&qid=1640017995&sprefix=headp%2Caps%2C314&sr=8-128
4%,2%,5%,13%,77%,4.6,https://images-na.ssl-images-amazon.com/images/I/41cUTNQUzxL.__AC_SX300_SY300_QL70_ML2_.jpg,https://www.amazon.com//Protectors-Earmuffs-Headphones-Reduction-Lightweight/dp/B07BSWX4LW/ref=sr_1_144?crid=A88Q82ATWW8O&keywords=headphones&qid=1640017999&sprefix=headp%2Caps%2C314&sr=8-144
3%,1%,4%,14%,78%,4.6,https://m.media-amazon.com/images/I/71MIFjdi+mL._AC_SY300_SX300_.jpg,https://www.amazon.com//Protectors-Earmuffs-Headphones-Reduction-Lightweight/dp/B07BSWX4LW/ref=sr_1_144?crid=A88Q82ATWW8O&keywords=headphones&qid=1640017999&sprefix=headp%2Caps%2C314&sr=8-144
2%,2%,6%,16%,74%,4.6,https://images-na.ssl-images-amazon.com/images/I/711fe1GJFKL.__AC_SX300_SY300_QL70_ML2_.jpg,https://www.amazon.com//Protectors-Earmuffs-Headphones-Reduction-Lightweight/dp/B07BSWX4LW/ref=sr_1_144?crid=A88Q82ATWW8O&keywords=headphones&qid=1640017999&sprefix=headp%2Caps%2C314&sr=8-144
3%,2%,4%,15%,75%,4.6,https://images-na.ssl-images-amazon.com/images/I/61q2zYSX7DL.__AC_SX300_SY300_QL70_ML2_.jpg,https://www.amazon.com//Protectors-Earmuffs-Headphones-Reduction-Lightweight/dp/B07BSWX4LW/ref=sr_1_144?crid=A88Q82ATWW8O&keywords=headphones&qid=1640017999&sprefix=headp%2Caps%2C314&sr=8-144
3%,2%,5%,14%,76%,4.6,https://images-na.ssl-images-amazon.com/images/I/61-EktatjwL.__AC_SX300_SY300_QL70_ML2_.jpg,https://www.amazon.com//Protectors-Earmuffs-Headphones-Reduction-Lightweight/dp/B07BSWX4LW/ref=sr_1_144?crid=A88Q82ATWW8O&keywords=headphones&qid=1640017999&sprefix=headp%2Caps%2C314&sr=8-144
2%,2%,8%,14%,74%,4.6,https://images-na.ssl-images-amazon.com/images/I/41O8cJYZQeL.__AC_SX300_SY300_QL70_ML2_.jpg,https://www.amazon.com//Protectors-Earmuffs-Headphones-Reduction-Lightweight/dp/B07BSWX4LW/ref=sr_1_144?crid=A88Q82ATWW8O&keywords=headphones&qid=1640017999&sprefix=headp%2Caps%2C314&sr=8-144
3%,3%,6%,10%,78%,4.6,https://images-na.ssl-images-amazon.com/images/I/81mHyhIhgDL.__AC_SX300_SY300_QL70_ML2_.jpg,https://www.amazon.com//Protectors-Earmuffs-Headphones-Reduction-Lightweight/dp/B07BSWX4LW/ref=sr_1_144?crid=A88Q82ATWW8O&keywords=headphones&qid=1640017999&sprefix=headp%2Caps%2C314&sr=8-144
2%,1%,7%,11%,78%,4.6,https://images-na.ssl-images-amazon.com/images/I/61sA7sOgcKL.__AC_SX300_SY300_QL70_ML2_.jpg,https://www.amazon.com//Protectors-Earmuffs-Headphones-Reduction-Lightweight/dp/B07BSWX4LW/ref=sr_1_144?crid=A88Q82ATWW8O&keywords=headphones&qid=1640017999&sprefix=headp%2Caps%2C314&sr=8-144
3%,1%,6%,11%,79%,4.6,https://images-na.ssl-images-amazon.com/images/I/618oRVqegLL.__AC_SX300_SY300_QL70_ML2_.jpg,https://www.amazon.com//Protectors-Earmuffs-Headphones-Reduction-Lightweight/dp/B07BSWX4LW/ref=sr_1_144?crid=A88Q82ATWW8O&keywords=headphones&qid=1640017999&sprefix=headp%2Caps%2C314&sr=8-144
3%,2%,4%,15%,76%,4.6,https://images-na.ssl-images-amazon.com/images/I/61z-rTknwVS.__AC_SX300_SY300_QL70_ML2_.jpg,https://www.amazon.com//Protectors-Earmuffs-Headphones-Reduction-Lightweight/dp/B07BSWX4LW/ref=sr_1_144?crid=A88Q82ATWW8O&keywords=headphones&qid=1640017999&sprefix=headp%2Caps%2C314&sr=8-144
3%,2%,6%,10%,79%,4.6,https://images-na.ssl-images-amazon.com/images/I/81bg1ddd0yL.__AC_SX300_SY300_QL70_ML2_.jpg,https://www.amazon.com//Protectors-Earmuffs-Headphones-Reduction-Lightweight/dp/B07BSWX4LW/ref=sr_1_144?crid=A88Q82ATWW8O&keywords=headphones&qid=1640017999&sprefix=headp%2Caps%2C314&sr=8-144
4%,3%,4%,12%,78%,4.6,https://images-na.ssl-images-amazon.com/images/I/61Vgic5YSsS.__AC_SX300_SY300_QL70_ML2_.jpg,https://www.amazon.com//Protectors-Earmuffs-Headphones-Reduction-Lightweight/dp/B07BSWX4LW/ref=sr_1_144?crid=A88Q82ATWW8O&keywords=headphones&qid=1640017999&sprefix=headp%2Caps%2C314&sr=8-144
3%,1%,5%,14%,77%,4.6,https://images-na.ssl-images-amazon.com/images/I/61VeRVLLlzL.__AC_SX300_SY300_QL70_ML2_.jpg,https://www.amazon.com//Protectors-Earmuffs-Headphones-Reduction-Lightweight/dp/B07BSWX4LW/ref=sr_1_144?crid=A88Q82ATWW8O&keywords=headphones&qid=1640017999&sprefix=headp%2Caps%2C314&sr=8-144
3%,3%,3%,12%,79%,4.6,https://images-na.ssl-images-amazon.com/images/I/41Midcw9pmL.__AC_SY300_SX300_QL70_ML2_.jpg,https://www.amazon.com//Califone-2800-BL-Listening-First-Headphones/dp/B00OA4THD8/ref=sr_1_160?crid=A88Q82ATWW8O&keywords=headphones&qid=1640018002&sprefix=headp%2Caps%2C314&sr=8-160
4%,2%,5%,15%,74%,4.5,https://images-na.ssl-images-amazon.com/images/I/51PON2DXfUL.__AC_SX300_SY300_QL70_ML2_.jpg,https://www.amazon.com//Califone-2800-BL-Listening-First-Headphones/dp/B00OA4THD8/ref=sr_1_160?crid=A88Q82ATWW8O&keywords=headphones&qid=1640018002&sprefix=headp%2Caps%2C314&sr=8-160
3%,3%,5%,12%,77%,4.6,https://images-na.ssl-images-amazon.com/images/I/61BCb83XNxL.__AC_SX300_SY300_QL70_ML2_.jpg,https://www.amazon.com//Califone-2800-BL-Listening-First-Headphones/dp/B00OA4THD8/ref=sr_1_160?crid=A88Q82ATWW8O&keywords=headphones&qid=1640018002&sprefix=headp%2Caps%2C314&sr=8-160
3%,2%,4%,14%,78%,4.6,https://images-na.ssl-images-amazon.com/images/I/51N9Ri7S4lL.__AC_SX300_SY300_QL70_ML2_.jpg,https://www.amazon.com//Califone-2800-BL-Listening-First-Headphones/dp/B00OA4THD8/ref=sr_1_160?crid=A88Q82ATWW8O&keywords=headphones&qid=1640018002&sprefix=headp%2Caps%2C314&sr=8-160
3%,2%,4%,11%,80%,4.6,https://images-na.ssl-images-amazon.com/images/I/61qkRZIQWUL.__AC_SX300_SY300_QL70_ML2_.jpg,https://www.amazon.com//Califone-2800-BL-Listening-First-Headphones/dp/B00OA4THD8/ref=sr_1_160?crid=A88Q82ATWW8O&keywords=headphones&qid=1640018002&sprefix=headp%2Caps%2C314&sr=8-160
3%,3%,3%,12%,79%,4.6,https://images-na.ssl-images-amazon.com/images/I/81wy2MmdmfL.__AC_SX300_SY300_QL70_ML2_.jpg,https://www.amazon.com//Califone-2800-BL-Listening-First-Headphones/dp/B00OA4THD8/ref=sr_1_160?crid=A88Q82ATWW8O&keywords=headphones&qid=1640018002&sprefix=headp%2Caps%2C314&sr=8-160
4%,2%,5%,10%,80%,4.6,https://images-na.ssl-images-amazon.com/images/I/61o4XtnNEoL.__AC_SY300_SX300_QL70_ML2_.jpg,https://www.amazon.com//Califone-2800-BL-Listening-First-Headphones/dp/B00OA4THD8/ref=sr_1_160?crid=A88Q82ATWW8O&keywords=headphones&qid=1640018002&sprefix=headp%2Caps%2C314&sr=8-160
2%,2%,6%,12%,79%,4.6,https://m.media-amazon.com/images/I/81+cQQOQSQL._AC_SY300_SX300_.jpg,https://www.amazon.com//Califone-2800-BL-Listening-First-Headphones/dp/B00OA4THD8/ref=sr_1_160?crid=A88Q82ATWW8O&keywords=headphones&qid=1640018002&sprefix=headp%2Caps%2C314&sr=8-160
5%,2%,4%,10%,79%,4.6,https://images-na.ssl-images-amazon.com/images/I/71zEjJUXw0L.__AC_SX300_SY300_QL70_ML2_.jpg,https://www.amazon.com//Califone-2800-BL-Listening-First-Headphones/dp/B00OA4THD8/ref=sr_1_160?crid=A88Q82ATWW8O&keywords=headphones&qid=1640018002&sprefix=headp%2Caps%2C314&sr=8-160
3%,2%,3%,15%,77%,4.6,https://images-na.ssl-images-amazon.com/images/I/61MeBcoQHsL.__AC_SX300_SY300_QL70_ML2_.jpg,https://www.amazon.com//Califone-2800-BL-Listening-First-Headphones/dp/B00OA4THD8/ref=sr_1_160?crid=A88Q82ATWW8O&keywords=headphones&qid=1640018002&sprefix=headp%2Caps%2C314&sr=8-160
2%,2%,8%,11%,77%,4.6,https://images-na.ssl-images-amazon.com/images/I/610upHSRfyS.__AC_SX300_SY300_QL70_ML2_.jpg,https://www.amazon.com//Califone-2800-BL-Listening-First-Headphones/dp/B00OA4THD8/ref=sr_1_160?crid=A88Q82ATWW8O&keywords=headphones&qid=1640018002&sprefix=headp%2Caps%2C314&sr=8-160
2%,1%,5%,19%,73%,4.6,https://images-na.ssl-images-amazon.com/images/I/61HLHeghxkS.__AC_SX300_SY300_QL70_ML2_.jpg,https://www.amazon.com//Califone-2800-BL-Listening-First-Headphones/dp/B00OA4THD8/ref=sr_1_160?crid=A88Q82ATWW8O&keywords=headphones&qid=1640018002&sprefix=headp%2Caps%2C314&sr=8-160
1%,3%,6%,16%,75%,4.6,https://images-na.ssl-images-amazon.com/images/I/71Te6ZgpJJL.__AC_SX300_SY300_QL70_ML2_.jpg,https://www.amazon.com//Califone-2800-BL-Listening-First-Headphones/dp/B00OA4THD8/ref=sr_1_160?crid=A88Q82ATWW8O&keywords=headphones&qid=1640018002&sprefix=headp%2Caps%2C314&sr=8-160
4%,2%,4%,15%,75%,4.6,https://images-na.ssl-images-amazon.com/images/I/61IFCQOlfBL.__AC_SX300_SY300_QL70_ML2_.jpg,https://www.amazon.com//Califone-2800-BL-Listening-First-Headphones/dp/B00OA4THD8/ref=sr_1_160?crid=A88Q82ATWW8O&keywords=headphones&qid=1640018002&sprefix=headp%2Caps%2C314&sr=8-160
3%,3%,6%,12%,76%,4.6,https://images-na.ssl-images-amazon.com/images/I/61Y6MmNb9WL.__AC_SX300_SY300_QL70_ML2_.jpg,https://www.amazon.com//Califone-2800-BL-Listening-First-Headphones/dp/B00OA4THD8/ref=sr_1_160?crid=A88Q82ATWW8O&keywords=headphones&qid=1640018002&sprefix=headp%2Caps%2C314&sr=8-160
3%,2%,3%,13%,79%,4.6,https://images-na.ssl-images-amazon.com/images/I/8182xOzfS2L.__AC_SX300_SY300_QL70_ML2_.jpg,https://www.amazon.com//Califone-2800-BL-Listening-First-Headphones/dp/B00OA4THD8/ref=sr_1_160?crid=A88Q82ATWW8O&keywords=headphones&qid=1640018002&sprefix=headp%2Caps%2C314&sr=8-160
0%,0%,7%,21%,73%,4.7,https://images-na.ssl-images-amazon.com/images/I/614JsvPgW7L.__AC_SY300_SX300_QL70_ML2_.jpg,https://www.amazon.com//Yamaha-HPH-100B-Dynamic-Closed-Back-Headphones/dp/B013WW90PS/ref=sr_1_176?crid=A88Q82ATWW8O&keywords=headphones&qid=1640018006&sprefix=headp%2Caps%2C314&sr=8-176
0%,5%,4%,10%,81%,4.7,https://m.media-amazon.com/images/I/41KL1+AH2NL._AC_SY300_SX300_.jpg,https://www.amazon.com//Yamaha-HPH-100B-Dynamic-Closed-Back-Headphones/dp/B013WW90PS/ref=sr_1_176?crid=A88Q82ATWW8O&keywords=headphones&qid=1640018006&sprefix=headp%2Caps%2C314&sr=8-176
4%,3%,4%,9%,80%,4.6,https://images-na.ssl-images-amazon.com/images/I/61mq3DocJ1L.__AC_SX300_SY300_QL70_ML2_.jpg,https://www.amazon.com//Yamaha-HPH-100B-Dynamic-Closed-Back-Headphones/dp/B013WW90PS/ref=sr_1_176?crid=A88Q82ATWW8O&keywords=headphones&qid=1640018006&sprefix=headp%2Caps%2C314&sr=8-176
3%,1%,6%,14%,76%,4.6,https://m.media-amazon.com/images/I/61QG3++KTUL._AC_SY300_SX300_.jpg,https://www.amazon.com//Yamaha-HPH-100B-Dynamic-Closed-Back-Headphones/dp/B013WW90PS/ref=sr_1_176?crid=A88Q82ATWW8O&keywords=headphones&qid=1640018006&sprefix=headp%2Caps%2C314&sr=8-176
4%,1%,4%,7%,83%,4.6,https://images-na.ssl-images-amazon.com/images/I/81RnmDDYd3L.__AC_SX300_SY300_QL70_ML2_.jpg,https://www.amazon.com//Yamaha-HPH-100B-Dynamic-Closed-Back-Headphones/dp/B013WW90PS/ref=sr_1_176?crid=A88Q82ATWW8O&keywords=headphones&qid=1640018006&sprefix=headp%2Caps%2C314&sr=8-176
0%,3%,3%,11%,83%,4.7,https://images-na.ssl-images-amazon.com/images/I/91uynfLHkOL.__AC_SX300_SY300_QL70_ML2_.jpg,https://www.amazon.com//Yamaha-HPH-100B-Dynamic-Closed-Back-Headphones/dp/B013WW90PS/ref=sr_1_176?crid=A88Q82ATWW8O&keywords=headphones&qid=1640018006&sprefix=headp%2Caps%2C314&sr=8-176
2%,0%,8%,4%,85%,4.7,https://images-na.ssl-images-amazon.com/images/I/41I9h0TbQtL.__AC_SX300_SY300_QL70_ML2_.jpg,https://www.amazon.com//Yamaha-HPH-100B-Dynamic-Closed-Back-Headphones/dp/B013WW90PS/ref=sr_1_176?crid=A88Q82ATWW8O&keywords=headphones&qid=1640018006&sprefix=headp%2Caps%2C314&sr=8-176
0%,0%,0%,23%,77%,4.8,https://images-na.ssl-images-amazon.com/images/I/71lUoUwDNqS.__AC_SX300_SY300_QL70_ML2_.jpg,https://www.amazon.com//Yamaha-HPH-100B-Dynamic-Closed-Back-Headphones/dp/B013WW90PS/ref=sr_1_176?crid=A88Q82ATWW8O&keywords=headphones&qid=1640018006&sprefix=headp%2Caps%2C314&sr=8-176
2%,3%,7%,12%,76%,4.6,https://images-na.ssl-images-amazon.com/images/I/81sYXaPeaSS.__AC_SX300_SY300_QL70_ML2_.jpg,https://www.amazon.com//Yamaha-HPH-100B-Dynamic-Closed-Back-Headphones/dp/B013WW90PS/ref=sr_1_176?crid=A88Q82ATWW8O&keywords=headphones&qid=1640018006&sprefix=headp%2Caps%2C314&sr=8-176
3%,3%,7%,11%,77%,4.6,https://images-na.ssl-images-amazon.com/images/I/31VtUJmAL5L.__AC_SY300_SX300_QL70_ML2_.jpg,https://www.amazon.com//Yamaha-HPH-100B-Dynamic-Closed-Back-Headphones/dp/B013WW90PS/ref=sr_1_176?crid=A88Q82ATWW8O&keywords=headphones&qid=1640018006&sprefix=headp%2Caps%2C314&sr=8-176
2%,0%,4%,11%,83%,4.7,https://images-na.ssl-images-amazon.com/images/I/61n6CNzI4UL.__AC_SX300_SY300_QL70_ML2_.jpg,https://www.amazon.com//Yamaha-HPH-100B-Dynamic-Closed-Back-Headphones/dp/B013WW90PS/ref=sr_1_176?crid=A88Q82ATWW8O&keywords=headphones&qid=1640018006&sprefix=headp%2Caps%2C314&sr=8-176
3%,0%,4%,17%,75%,4.6,https://images-na.ssl-images-amazon.com/images/I/71bMFhDuUiL.__AC_SX300_SY300_QL70_ML2_.jpg,https://www.amazon.com//Yamaha-HPH-100B-Dynamic-Closed-Back-Headphones/dp/B013WW90PS/ref=sr_1_176?crid=A88Q82ATWW8O&keywords=headphones&qid=1640018006&sprefix=headp%2Caps%2C314&sr=8-176
4%,3%,2%,13%,78%,4.6,https://images-na.ssl-images-amazon.com/images/I/81wsGLv6E4L.__AC_SX300_SY300_QL70_ML2_.jpg,https://www.amazon.com//Yamaha-HPH-100B-Dynamic-Closed-Back-Headphones/dp/B013WW90PS/ref=sr_1_176?crid=A88Q82ATWW8O&keywords=headphones&qid=1640018006&sprefix=headp%2Caps%2C314&sr=8-176
4%,1%,4%,17%,75%,4.6,https://images-na.ssl-images-amazon.com/images/I/91RS4oYjYgL.__AC_SX300_SY300_QL70_ML2_.jpg,https://www.amazon.com//iClever-BoostCare-Headphones-Limited-Silicone/dp/B01JLURR2S/ref=sr_1_192?crid=A88Q82ATWW8O&keywords=headphones&qid=1640018009&sprefix=headp%2Caps%2C314&sr=8-192
3%,3%,5%,13%,77%,4.6,https://images-na.ssl-images-amazon.com/images/I/61nDsRLm59L.__AC_SX300_SY300_QL70_ML2_.jpg,https://www.amazon.com//iClever-BoostCare-Headphones-Limited-Silicone/dp/B01JLURR2S/ref=sr_1_192?crid=A88Q82ATWW8O&keywords=headphones&qid=1640018009&sprefix=headp%2Caps%2C314&sr=8-192
2%,3%,8%,12%,75%,4.6,https://images-na.ssl-images-amazon.com/images/I/71a9ZU3SlPL.__AC_SX300_SY300_QL70_ML2_.jpg,https://www.amazon.com//iClever-BoostCare-Headphones-Limited-Silicone/dp/B01JLURR2S/ref=sr_1_192?crid=A88Q82ATWW8O&keywords=headphones&qid=1640018009&sprefix=headp%2Caps%2C314&sr=8-192
1%,1%,8%,18%,72%,4.6,https://images-na.ssl-images-amazon.com/images/I/71qINM2HCUL.__AC_SX300_SY300_QL70_ML2_.jpg,https://www.amazon.com//iClever-BoostCare-Headphones-Limited-Silicone/dp/B01JLURR2S/ref=sr_1_192?crid=A88Q82ATWW8O&keywords=headphones&qid=1640018009&sprefix=headp%2Caps%2C314&sr=8-192
4%,4%,5%,8%,79%,4.6,https://images-na.ssl-images-amazon.com/images/I/41AvuPQLf0L.__AC_SX300_SY300_QL70_ML2_.jpg,https://www.amazon.com//iClever-BoostCare-Headphones-Limited-Silicone/dp/B01JLURR2S/ref=sr_1_192?crid=A88Q82ATWW8O&keywords=headphones&qid=1640018009&sprefix=headp%2Caps%2C314&sr=8-192
5%,3%,4%,7%,81%,4.6,https://images-na.ssl-images-amazon.com/images/I/71lKmUUztfL.__AC_SX300_SY300_QL70_ML2_.jpg,https://www.amazon.com//iClever-BoostCare-Headphones-Limited-Silicone/dp/B01JLURR2S/ref=sr_1_192?crid=A88Q82ATWW8O&keywords=headphones&qid=1640018009&sprefix=headp%2Caps%2C314&sr=8-192
3%,2%,8%,9%,78%,4.6,https://images-na.ssl-images-amazon.com/images/I/51GcwvX0-7S.__AC_SX300_SY300_QL70_ML2_.jpg,https://www.amazon.com//iClever-BoostCare-Headphones-Limited-Silicone/dp/B01JLURR2S/ref=sr_1_192?crid=A88Q82ATWW8O&keywords=headphones&qid=1640018009&sprefix=headp%2Caps%2C314&sr=8-192
0%,2%,3%,23%,72%,4.6,https://images-na.ssl-images-amazon.com/images/I/81oQI-Iu-8L.__AC_SX300_SY300_QL70_ML2_.jpg,https://www.amazon.com//iClever-BoostCare-Headphones-Limited-Silicone/dp/B01JLURR2S/ref=sr_1_192?crid=A88Q82ATWW8O&keywords=headphones&qid=1640018009&sprefix=headp%2Caps%2C314&sr=8-192
5%,0%,2%,14%,79%,4.6,https://images-na.ssl-images-amazon.com/images/I/51qQ9QQq6rL.__AC_SX300_SY300_QL70_ML2_.jpg,https://www.amazon.com//iClever-BoostCare-Headphones-Limited-Silicone/dp/B01JLURR2S/ref=sr_1_192?crid=A88Q82ATWW8O&keywords=headphones&qid=1640018009&sprefix=headp%2Caps%2C314&sr=8-192
4%,2%,4%,15%,76%,4.6,https://m.media-amazon.com/images/I/61zwR++3OEL._AC_SY300_SX300_.jpg,https://www.amazon.com//iClever-BoostCare-Headphones-Limited-Silicone/dp/B01JLURR2S/ref=sr_1_192?crid=A88Q82ATWW8O&keywords=headphones&qid=1640018009&sprefix=headp%2Caps%2C314&sr=8-192
0%,5%,6%,15%,74%,4.6,https://images-na.ssl-images-amazon.com/images/I/61kHo3PAdaL.__AC_SX300_SY300_QL70_ML2_.jpg,https://www.amazon.com//Headphones-Riwbox-Bluetooth-Limiting-Microphone/dp/B07HL1QJSZ/ref=sr_1_208?crid=A88Q82ATWW8O&keywords=headphones&qid=1640018012&sprefix=headp%2Caps%2C314&sr=8-208
5%,0%,0%,12%,83%,4.7,https://m.media-amazon.com/images/I/71n+XLROH-L._AC_SY300_SX300_.jpg,https://www.amazon.com//Headphones-Riwbox-Bluetooth-Limiting-Microphone/dp/B07HL1QJSZ/ref=sr_1_208?crid=A88Q82ATWW8O&keywords=headphones&qid=1640018012&sprefix=headp%2Caps%2C314&sr=8-208
3%,2%,4%,10%,81%,4.6,https://images-na.ssl-images-amazon.com/images/I/71OpGvsy0RL.__AC_SY300_SX300_QL70_ML2_.jpg,https://www.amazon.com//Headphones-Riwbox-Bluetooth-Limiting-Microphone/dp/B07HL1QJSZ/ref=sr_1_208?crid=A88Q82ATWW8O&keywords=headphones&qid=1640018012&sprefix=headp%2Caps%2C314&sr=8-208
2%,2%,7%,14%,75%,4.6,https://images-na.ssl-images-amazon.com/images/I/61jCOQDHtjL.__AC_SX300_SY300_QL70_ML2_.jpg,https://www.amazon.com//Headphones-Riwbox-Bluetooth-Limiting-Microphone/dp/B07HL1QJSZ/ref=sr_1_208?crid=A88Q82ATWW8O&keywords=headphones&qid=1640018012&sprefix=headp%2Caps%2C314&sr=8-208
0%,0%,6%,23%,71%,4.7,https://images-na.ssl-images-amazon.com/images/I/61OESmk-CsL.__AC_SX300_SY300_QL70_ML2_.jpg,https://www.amazon.com//Headphones-Riwbox-Bluetooth-Limiting-Microphone/dp/B07HL1QJSZ/ref=sr_1_208?crid=A88Q82ATWW8O&keywords=headphones&qid=1640018012&sprefix=headp%2Caps%2C314&sr=8-208
4%,2%,4%,11%,78%,4.6,https://images-na.ssl-images-amazon.com/images/I/51a7I0HbPJL.__AC_SX300_SY300_QL70_ML2_.jpg,https://www.amazon.com//Headphones-Riwbox-Bluetooth-Limiting-Microphone/dp/B07HL1QJSZ/ref=sr_1_208?crid=A88Q82ATWW8O&keywords=headphones&qid=1640018012&sprefix=headp%2Caps%2C314&sr=8-208
4%,3%,6%,13%,74%,4.5,https://images-na.ssl-images-amazon.com/images/I/613cZHO6IBL.__AC_SX300_SY300_QL70_ML2_.jpg,https://www.amazon.com//Headphones-Riwbox-Bluetooth-Limiting-Microphone/dp/B07HL1QJSZ/ref=sr_1_208?crid=A88Q82ATWW8O&keywords=headphones&qid=1640018012&sprefix=headp%2Caps%2C314&sr=8-208
5%,3%,5%,11%,77%,4.5,https://images-na.ssl-images-amazon.com/images/I/51ntWa1Q0sL.__AC_SY300_SX300_QL70_ML2_.jpg,https://www.amazon.com//Headphones-Riwbox-Bluetooth-Limiting-Microphone/dp/B07HL1QJSZ/ref=sr_1_208?crid=A88Q82ATWW8O&keywords=headphones&qid=1640018012&sprefix=headp%2Caps%2C314&sr=8-208
4%,2%,6%,16%,72%,4.5,https://images-na.ssl-images-amazon.com/images/I/71S7Omb78fL.__AC_SX300_SY300_QL70_ML2_.jpg,https://www.amazon.com//Headphones-Riwbox-Bluetooth-Limiting-Microphone/dp/B07HL1QJSZ/ref=sr_1_208?crid=A88Q82ATWW8O&keywords=headphones&qid=1640018012&sprefix=headp%2Caps%2C314&sr=8-208
3%,2%,7%,16%,72%,4.5,https://images-na.ssl-images-amazon.com/images/I/71ZC0hq5mGL.__AC_SX300_SY300_QL70_ML2_.jpg,https://www.amazon.com//Headphones-Riwbox-Bluetooth-Limiting-Microphone/dp/B07HL1QJSZ/ref=sr_1_208?crid=A88Q82ATWW8O&keywords=headphones&qid=1640018012&sprefix=headp%2Caps%2C314&sr=8-208
3%,0%,6%,12%,79%,4.6,https://images-na.ssl-images-amazon.com/images/I/619bdx-q9KL.__AC_SX300_SY300_QL70_ML2_.jpg,https://www.amazon.com//Headphones-Riwbox-Bluetooth-Limiting-Microphone/dp/B07HL1QJSZ/ref=sr_1_208?crid=A88Q82ATWW8O&keywords=headphones&qid=1640018012&sprefix=headp%2Caps%2C314&sr=8-208
0%,3%,9%,15%,73%,4.6,https://images-na.ssl-images-amazon.com/images/I/51a19e9fVKL.__AC_SX300_SY300_QL70_ML2_.jpg,https://www.amazon.com//Headphones-Riwbox-Bluetooth-Limiting-Microphone/dp/B07HL1QJSZ/ref=sr_1_208?crid=A88Q82ATWW8O&keywords=headphones&qid=1640018012&sprefix=headp%2Caps%2C314&sr=8-208
4%,2%,5%,12%,78%,4.6,https://images-na.ssl-images-amazon.com/images/I/61VEUsZ4W0L.__AC_SX300_SY300_QL70_ML2_.jpg,https://www.amazon.com//Headphones-Riwbox-Bluetooth-Limiting-Microphone/dp/B07HL1QJSZ/ref=sr_1_208?crid=A88Q82ATWW8O&keywords=headphones&qid=1640018012&sprefix=headp%2Caps%2C314&sr=8-208
5%,0%,6%,12%,77%,4.6,https://images-na.ssl-images-amazon.com/images/I/517EGsyLMlL.__AC_SX300_SY300_QL70_ML2_.jpg,https://www.amazon.com//Sony-XB950B1-Wireless-Headphones-Control/dp/B01N5UVZBP/ref=sr_1_224?crid=A88Q82ATWW8O&keywords=headphones&qid=1640018014&sprefix=headp%2Caps%2C314&sr=8-224
3%,0%,7%,13%,76%,4.6,https://images-na.ssl-images-amazon.com/images/I/41-DI4X6XAL.__AC_SY445_SX342_QL70_ML2_.jpg,https://www.amazon.com//Sony-XB950B1-Wireless-Headphones-Control/dp/B01N5UVZBP/ref=sr_1_224?crid=A88Q82ATWW8O&keywords=headphones&qid=1640018014&sprefix=headp%2Caps%2C314&sr=8-224
4%,0%,6%,17%,73%,4.6,https://images-na.ssl-images-amazon.com/images/I/81O3KJQp08L.__AC_SX300_SY300_QL70_ML2_.jpg,https://www.amazon.com//Sony-XB950B1-Wireless-Headphones-Control/dp/B01N5UVZBP/ref=sr_1_224?crid=A88Q82ATWW8O&keywords=headphones&qid=1640018014&sprefix=headp%2Caps%2C314&sr=8-224
4%,2%,5%,13%,76%,4.5,https://images-na.ssl-images-amazon.com/images/I/71alHNNSjPL.__AC_SX300_SY300_QL70_ML2_.jpg,https://www.amazon.com//Sony-XB950B1-Wireless-Headphones-Control/dp/B01N5UVZBP/ref=sr_1_224?crid=A88Q82ATWW8O&keywords=headphones&qid=1640018014&sprefix=headp%2Caps%2C314&sr=8-224
5%,3%,6%,14%,72%,4.5,https://images-na.ssl-images-amazon.com/images/I/617uzAU2LRL.__AC_SX300_SY300_QL70_ML2_.jpg,https://www.amazon.com//Sony-XB950B1-Wireless-Headphones-Control/dp/B01N5UVZBP/ref=sr_1_224?crid=A88Q82ATWW8O&keywords=headphones&qid=1640018014&sprefix=headp%2Caps%2C314&sr=8-224
4%,3%,7%,15%,71%,4.5,https://images-na.ssl-images-amazon.com/images/I/718MgrOSLbL.__AC_SX300_SY300_QL70_ML2_.jpg,https://www.amazon.com//Sony-XB950B1-Wireless-Headphones-Control/dp/B01N5UVZBP/ref=sr_1_224?crid=A88Q82ATWW8O&keywords=headphones&qid=1640018014&sprefix=headp%2Caps%2C314&sr=8-224
4%,3%,7%,17%,70%,4.5,https://m.media-amazon.com/images/I/71+60E2I7xL._AC_SY300_SX300_.jpg,https://www.amazon.com//Sony-XB950B1-Wireless-Headphones-Control/dp/B01N5UVZBP/ref=sr_1_224?crid=A88Q82ATWW8O&keywords=headphones&qid=1640018014&sprefix=headp%2Caps%2C314&sr=8-224
4%,3%,7%,14%,72%,4.5,https://images-na.ssl-images-amazon.com/images/I/81fQmoyvOZL.__AC_SX300_SY300_QL70_ML2_.jpg,https://www.amazon.com//Sony-XB950B1-Wireless-Headphones-Control/dp/B01N5UVZBP/ref=sr_1_224?crid=A88Q82ATWW8O&keywords=headphones&qid=1640018014&sprefix=headp%2Caps%2C314&sr=8-224
0%,0%,0%,10%,90%,4.9,https://images-na.ssl-images-amazon.com/images/I/81rsCX30pPS.__AC_SX300_SY300_QL70_ML2_.jpg,https://www.amazon.com//Sony-XB950B1-Wireless-Headphones-Control/dp/B01N5UVZBP/ref=sr_1_224?crid=A88Q82ATWW8O&keywords=headphones&qid=1640018014&sprefix=headp%2Caps%2C314&sr=8-224
4%,3%,6%,17%,70%,4.5,https://images-na.ssl-images-amazon.com/images/I/61zbE1FjIwL.__AC_SX300_SY300_QL70_ML2_.jpg,https://www.amazon.com//Sony-XB950B1-Wireless-Headphones-Control/dp/B01N5UVZBP/ref=sr_1_224?crid=A88Q82ATWW8O&keywords=headphones&qid=1640018014&sprefix=headp%2Caps%2C314&sr=8-224
0%,0%,0%,9%,91%,4.9,https://m.media-amazon.com/images/I/51+wvvuTnGL._AC_SY300_SX300_.jpg,https://www.amazon.com//Sony-XB950B1-Wireless-Headphones-Control/dp/B01N5UVZBP/ref=sr_1_224?crid=A88Q82ATWW8O&keywords=headphones&qid=1640018014&sprefix=headp%2Caps%2C314&sr=8-224
3%,3%,7%,17%,70%,4.5,https://images-na.ssl-images-amazon.com/images/I/614A5vLesGL.__AC_SX300_SY300_QL70_ML2_.jpg,https://www.amazon.com//Sony-XB950B1-Wireless-Headphones-Control/dp/B01N5UVZBP/ref=sr_1_224?crid=A88Q82ATWW8O&keywords=headphones&qid=1640018014&sprefix=headp%2Caps%2C314&sr=8-224
5%,2%,4%,11%,77%,4.5,https://images-na.ssl-images-amazon.com/images/I/61l56yUbslL.__AC_SY300_SX300_QL70_ML2_.jpg,https://www.amazon.com//Skullcandy-Venue-Wireless-Over-Ear-Headphone/dp/B07H4XGX16/ref=sr_1_240?crid=A88Q82ATWW8O&keywords=headphones&qid=1640018018&sprefix=headp%2Caps%2C314&sr=8-240
6%,3%,5%,12%,74%,4.5,https://images-na.ssl-images-amazon.com/images/I/61wvNRSOaqL.__AC_SX300_SY300_QL70_ML2_.jpg,https://www.amazon.com//Skullcandy-Venue-Wireless-Over-Ear-Headphone/dp/B07H4XGX16/ref=sr_1_240?crid=A88Q82ATWW8O&keywords=headphones&qid=1640018018&sprefix=headp%2Caps%2C314&sr=8-240
3%,2%,7%,14%,74%,4.5,https://images-na.ssl-images-amazon.com/images/I/614uVUMf63L.__AC_SX300_SY300_QL70_ML2_.jpg,https://www.amazon.com//Skullcandy-Venue-Wireless-Over-Ear-Headphone/dp/B07H4XGX16/ref=sr_1_240?crid=A88Q82ATWW8O&keywords=headphones&qid=1640018018&sprefix=headp%2Caps%2C314&sr=8-240
4%,2%,6%,13%,74%,4.5,https://images-na.ssl-images-amazon.com/images/I/613jq8kztUL.__AC_SX300_SY300_QL70_ML2_.jpg,https://www.amazon.com//Skullcandy-Venue-Wireless-Over-Ear-Headphone/dp/B07H4XGX16/ref=sr_1_240?crid=A88Q82ATWW8O&keywords=headphones&qid=1640018018&sprefix=headp%2Caps%2C314&sr=8-240
4%,3%,7%,16%,70%,4.5,https://images-na.ssl-images-amazon.com/images/I/61Vue6u4-YS.__AC_SX300_SY300_QL70_ML2_.jpg,https://www.amazon.com//Skullcandy-Venue-Wireless-Over-Ear-Headphone/dp/B07H4XGX16/ref=sr_1_240?crid=A88Q82ATWW8O&keywords=headphones&qid=1640018018&sprefix=headp%2Caps%2C314&sr=8-240
3%,2%,6%,14%,74%,4.5,https://images-na.ssl-images-amazon.com/images/I/41b8N0ZORmL.__AC_SY300_SX300_QL70_ML2_.jpg,https://www.amazon.com//Skullcandy-Venue-Wireless-Over-Ear-Headphone/dp/B07H4XGX16/ref=sr_1_240?crid=A88Q82ATWW8O&keywords=headphones&qid=1640018018&sprefix=headp%2Caps%2C314&sr=8-240
4%,4%,6%,11%,76%,4.5,https://images-na.ssl-images-amazon.com/images/I/61ssGNdb5kL.__AC_SX300_SY300_QL70_ML2_.jpg,https://www.amazon.com//Skullcandy-Venue-Wireless-Over-Ear-Headphone/dp/B07H4XGX16/ref=sr_1_240?crid=A88Q82ATWW8O&keywords=headphones&qid=1640018018&sprefix=headp%2Caps%2C314&sr=8-240
0%,3%,6%,18%,72%,4.6,https://m.media-amazon.com/images/I/51dYA+SEXUL._AC_SY300_SX300_.jpg,https://www.amazon.com//Skullcandy-Venue-Wireless-Over-Ear-Headphone/dp/B07H4XGX16/ref=sr_1_240?crid=A88Q82ATWW8O&keywords=headphones&qid=1640018018&sprefix=headp%2Caps%2C314&sr=8-240
3%,2%,5%,15%,74%,4.5,https://m.media-amazon.com/images/I/71tLy+xdwkL._AC_SY300_SX300_.jpg,https://www.amazon.com//Skullcandy-Venue-Wireless-Over-Ear-Headphone/dp/B07H4XGX16/ref=sr_1_240?crid=A88Q82ATWW8O&keywords=headphones&qid=1640018018&sprefix=headp%2Caps%2C314&sr=8-240
4%,3%,7%,14%,72%,4.5,https://images-na.ssl-images-amazon.com/images/I/6172y-tqjLL.__AC_SX300_SY300_QL70_ML2_.jpg,https://www.amazon.com//Skullcandy-Venue-Wireless-Over-Ear-Headphone/dp/B07H4XGX16/ref=sr_1_240?crid=A88Q82ATWW8O&keywords=headphones&qid=1640018018&sprefix=headp%2Caps%2C314&sr=8-240
5%,2%,6%,11%,77%,4.5,https://images-na.ssl-images-amazon.com/images/I/71vEQ7Zk8JL.__AC_SX300_SY300_QL70_ML2_.jpg,https://www.amazon.com//Skullcandy-Venue-Wireless-Over-Ear-Headphone/dp/B07H4XGX16/ref=sr_1_240?crid=A88Q82ATWW8O&keywords=headphones&qid=1640018018&sprefix=headp%2Caps%2C314&sr=8-240
4%,3%,6%,15%,72%,4.5,https://images-na.ssl-images-amazon.com/images/I/61mIMFrcI2L.__AC_SX300_SY300_QL70_ML2_.jpg,https://www.amazon.com//Skullcandy-Venue-Wireless-Over-Ear-Headphone/dp/B07H4XGX16/ref=sr_1_240?crid=A88Q82ATWW8O&keywords=headphones&qid=1640018018&sprefix=headp%2Caps%2C314&sr=8-240
4%,2%,6%,12%,76%,4.5,https://images-na.ssl-images-amazon.com/images/I/812IfyoMApS.__AC_SX300_SY300_QL70_ML2_.jpg,https://www.amazon.com//House-Marley-Vibration-Bluetooth-Headphones/dp/B06XWBDTR6/ref=sr_1_256?crid=A88Q82ATWW8O&keywords=headphones&qid=1640018021&sprefix=headp%2Caps%2C314&sr=8-256
4%,2%,7%,13%,74%,4.5,https://images-na.ssl-images-amazon.com/images/I/413Yea41ZBL.__AC_SX300_SY300_QL70_ML2_.jpg,https://www.amazon.com//House-Marley-Vibration-Bluetooth-Headphones/dp/B06XWBDTR6/ref=sr_1_256?crid=A88Q82ATWW8O&keywords=headphones&qid=1640018021&sprefix=headp%2Caps%2C314&sr=8-256
4%,3%,6%,12%,76%,4.5,https://images-na.ssl-images-amazon.com/images/I/61WQ35opIKL.__AC_SX300_SY300_QL70_ML2_.jpg,https://www.amazon.com//House-Marley-Vibration-Bluetooth-Headphones/dp/B06XWBDTR6/ref=sr_1_256?crid=A88Q82ATWW8O&keywords=headphones&qid=1640018021&sprefix=headp%2Caps%2C314&sr=8-256
2%,2%,7%,16%,72%,4.5,https://images-na.ssl-images-amazon.com/images/I/81OnmrlUepL.__AC_SY445_SX342_QL70_ML2_.jpg,https://www.amazon.com//House-Marley-Vibration-Bluetooth-Headphones/dp/B06XWBDTR6/ref=sr_1_256?crid=A88Q82ATWW8O&keywords=headphones&qid=1640018021&sprefix=headp%2Caps%2C314&sr=8-256
4%,3%,6%,12%,75%,4.5,https://images-na.ssl-images-amazon.com/images/I/91TF2Y6jlbL.__AC_SX300_SY300_QL70_ML2_.jpg,https://www.amazon.com//House-Marley-Vibration-Bluetooth-Headphones/dp/B06XWBDTR6/ref=sr_1_256?crid=A88Q82ATWW8O&keywords=headphones&qid=1640018021&sprefix=headp%2Caps%2C314&sr=8-256
4%,3%,5%,15%,73%,4.5,https://m.media-amazon.com/images/I/612P3+G1kgL._AC_SY300_SX300_.jpg,https://www.amazon.com//House-Marley-Vibration-Bluetooth-Headphones/dp/B06XWBDTR6/ref=sr_1_256?crid=A88Q82ATWW8O&keywords=headphones&qid=1640018021&sprefix=headp%2Caps%2C314&sr=8-256
3%,4%,7%,15%,71%,4.5,https://images-na.ssl-images-amazon.com/images/I/51erv0EZy3L.__AC_SX300_SY300_QL70_ML2_.jpg,https://www.amazon.com//House-Marley-Vibration-Bluetooth-Headphones/dp/B06XWBDTR6/ref=sr_1_256?crid=A88Q82ATWW8O&keywords=headphones&qid=1640018021&sprefix=headp%2Caps%2C314&sr=8-256
4%,3%,5%,15%,73%,4.5,https://images-na.ssl-images-amazon.com/images/I/61VV0NjjVyL.__AC_SX300_SY300_QL70_ML2_.jpg,https://www.amazon.com//House-Marley-Vibration-Bluetooth-Headphones/dp/B06XWBDTR6/ref=sr_1_256?crid=A88Q82ATWW8O&keywords=headphones&qid=1640018021&sprefix=headp%2Caps%2C314&sr=8-256
4%,3%,7%,16%,71%,4.5,https://m.media-amazon.com/images/I/619Wlf+thML._AC_SY300_SX300_.jpg,https://www.amazon.com//House-Marley-Vibration-Bluetooth-Headphones/dp/B06XWBDTR6/ref=sr_1_256?crid=A88Q82ATWW8O&keywords=headphones&qid=1640018021&sprefix=headp%2Caps%2C314&sr=8-256
4%,3%,5%,13%,75%,4.5,https://m.media-amazon.com/images/I/61RL+6zuYrL._AC_SY300_SX300_.jpg,https://www.amazon.com//House-Marley-Vibration-Bluetooth-Headphones/dp/B06XWBDTR6/ref=sr_1_256?crid=A88Q82ATWW8O&keywords=headphones&qid=1640018021&sprefix=headp%2Caps%2C314&sr=8-256
3%,2%,8%,15%,72%,4.5,https://images-na.ssl-images-amazon.com/images/I/715hXtbXdzL.__AC_SX300_SY300_QL70_ML2_.jpg,https://www.amazon.com//House-Marley-Vibration-Bluetooth-Headphones/dp/B06XWBDTR6/ref=sr_1_256?crid=A88Q82ATWW8O&keywords=headphones&qid=1640018021&sprefix=headp%2Caps%2C314&sr=8-256
4%,3%,6%,14%,73%,4.5,https://images-na.ssl-images-amazon.com/images/I/71ijP4GLeLL.__AC_SX300_SY300_QL70_ML2_.jpg,https://www.amazon.com//House-Marley-Vibration-Bluetooth-Headphones/dp/B06XWBDTR6/ref=sr_1_256?crid=A88Q82ATWW8O&keywords=headphones&qid=1640018021&sprefix=headp%2Caps%2C314&sr=8-256
5%,2%,5%,11%,77%,4.5,https://images-na.ssl-images-amazon.com/images/I/71bJcEynayL.__AC_SX300_SY300_QL70_ML2_.jpg,https://www.amazon.com//House-Marley-Vibration-Bluetooth-Headphones/dp/B06XWBDTR6/ref=sr_1_256?crid=A88Q82ATWW8O&keywords=headphones&qid=1640018021&sprefix=headp%2Caps%2C314&sr=8-256
4%,2%,6%,11%,77%,4.5,https://images-na.ssl-images-amazon.com/images/I/71MPOhq29uL.__AC_SY300_SX300_QL70_ML2_.jpg,https://www.amazon.com//beyerdynamic-Premium-Over-Ear-Stereo-Headphones-high-end/dp/B00193FT26/ref=sr_1_272?crid=A88Q82ATWW8O&keywords=headphones&qid=1640018024&sprefix=headp%2Caps%2C314&sr=8-272
3%,3%,7%,18%,69%,4.5,https://images-na.ssl-images-amazon.com/images/I/61gmiEMKAPL.__AC_SX300_SY300_QL70_ML2_.jpg,https://www.amazon.com//beyerdynamic-Premium-Over-Ear-Stereo-Headphones-high-end/dp/B00193FT26/ref=sr_1_272?crid=A88Q82ATWW8O&keywords=headphones&qid=1640018024&sprefix=headp%2Caps%2C314&sr=8-272
4%,3%,6%,15%,72%,4.5,https://images-na.ssl-images-amazon.com/images/I/612yzsgKUsL.__AC_SX300_SY300_QL70_ML2_.jpg,https://www.amazon.com//beyerdynamic-Premium-Over-Ear-Stereo-Headphones-high-end/dp/B00193FT26/ref=sr_1_272?crid=A88Q82ATWW8O&keywords=headphones&qid=1640018024&sprefix=headp%2Caps%2C314&sr=8-272
3%,3%,6%,19%,69%,4.5,https://images-na.ssl-images-amazon.com/images/I/71NKGuFiUWL.__AC_SX300_SY300_QL70_ML2_.jpg,https://www.amazon.com//beyerdynamic-Premium-Over-Ear-Stereo-Headphones-high-end/dp/B00193FT26/ref=sr_1_272?crid=A88Q82ATWW8O&keywords=headphones&qid=1640018024&sprefix=headp%2Caps%2C314&sr=8-272
5%,3%,6%,10%,77%,4.5,https://images-na.ssl-images-amazon.com/images/I/91elo2MM7CL.__AC_SX300_SY300_QL70_ML2_.jpg,https://www.amazon.com//beyerdynamic-Premium-Over-Ear-Stereo-Headphones-high-end/dp/B00193FT26/ref=sr_1_272?crid=A88Q82ATWW8O&keywords=headphones&qid=1640018024&sprefix=headp%2Caps%2C314&sr=8-272
4%,3%,5%,13%,75%,4.5,https://images-na.ssl-images-amazon.com/images/I/710Og08oG1L.__AC_SX300_SY300_QL70_ML2_.jpg,https://www.amazon.com//beyerdynamic-Premium-Over-Ear-Stereo-Headphones-high-end/dp/B00193FT26/ref=sr_1_272?crid=A88Q82ATWW8O&keywords=headphones&qid=1640018024&sprefix=headp%2Caps%2C314&sr=8-272
6%,2%,5%,14%,73%,4.5,https://images-na.ssl-images-amazon.com/images/I/615mrFiMpfL.__AC_SX300_SY300_QL70_ML2_.jpg,https://www.amazon.com//beyerdynamic-Premium-Over-Ear-Stereo-Headphones-high-end/dp/B00193FT26/ref=sr_1_272?crid=A88Q82ATWW8O&keywords=headphones&qid=1640018024&sprefix=headp%2Caps%2C314&sr=8-272
3%,3%,5%,16%,73%,4.5,https://m.media-amazon.com/images/I/71JkDA5Pm+L._AC_SY300_SX300_.jpg,https://www.amazon.com//beyerdynamic-Premium-Over-Ear-Stereo-Headphones-high-end/dp/B00193FT26/ref=sr_1_272?crid=A88Q82ATWW8O&keywords=headphones&qid=1640018024&sprefix=headp%2Caps%2C314&sr=8-272
3%,3%,8%,15%,72%,4.5,https://images-na.ssl-images-amazon.com/images/I/71ExLpQ0xML.__AC_SX300_SY300_QL70_ML2_.jpg,https://www.amazon.com//beyerdynamic-Premium-Over-Ear-Stereo-Headphones-high-end/dp/B00193FT26/ref=sr_1_272?crid=A88Q82ATWW8O&keywords=headphones&qid=1640018024&sprefix=headp%2Caps%2C314&sr=8-272
5%,4%,4%,11%,76%,4.5,https://images-na.ssl-images-amazon.com/images/I/61Nz8Ix0YHL.__AC_SX300_SY300_QL70_ML2_.jpg,https://www.amazon.com//beyerdynamic-Premium-Over-Ear-Stereo-Headphones-high-end/dp/B00193FT26/ref=sr_1_272?crid=A88Q82ATWW8O&keywords=headphones&qid=1640018024&sprefix=headp%2Caps%2C314&sr=8-272
3%,2%,6%,14%,74%,4.5,https://images-na.ssl-images-amazon.com/images/I/51qgUsb2csL.__AC_SX300_SY300_QL70_ML2_.jpg,https://www.amazon.com//beyerdynamic-Premium-Over-Ear-Stereo-Headphones-high-end/dp/B00193FT26/ref=sr_1_272?crid=A88Q82ATWW8O&keywords=headphones&qid=1640018024&sprefix=headp%2Caps%2C314&sr=8-272
3%,2%,7%,17%,71%,4.5,https://images-na.ssl-images-amazon.com/images/I/61Ypg5kkO7L.__AC_SX300_SY300_QL70_ML2_.jpg,https://www.amazon.com//beyerdynamic-Premium-Over-Ear-Stereo-Headphones-high-end/dp/B00193FT26/ref=sr_1_272?crid=A88Q82ATWW8O&keywords=headphones&qid=1640018024&sprefix=headp%2Caps%2C314&sr=8-272
4%,2%,7%,11%,76%,4.5,https://images-na.ssl-images-amazon.com/images/I/81FUQSl7IeL.__AC_SX300_SY300_QL70_ML2_.jpg,https://www.amazon.com//beyerdynamic-Premium-Over-Ear-Stereo-Headphones-high-end/dp/B00193FT26/ref=sr_1_272?crid=A88Q82ATWW8O&keywords=headphones&qid=1640018024&sprefix=headp%2Caps%2C314&sr=8-272
4%,3%,5%,18%,70%,4.5,https://images-na.ssl-images-amazon.com/images/I/61FHdzR0oyL.__AC_SX300_SY300_QL70_ML2_.jpg,https://www.amazon.com//HIFIMAN-SUNDARA-Over-Ear-Full-Size-Headphones/dp/B077XDWT7X/ref=sr_1_288?crid=A88Q82ATWW8O&keywords=headphones&qid=1640018027&sprefix=headp%2Caps%2C314&sr=8-288
4%,3%,7%,13%,73%,4.5,https://images-na.ssl-images-amazon.com/images/I/61pyzZ-IHKL.__AC_SX300_SY300_QL70_ML2_.jpg,https://www.amazon.com//HIFIMAN-SUNDARA-Over-Ear-Full-Size-Headphones/dp/B077XDWT7X/ref=sr_1_288?crid=A88Q82ATWW8O&keywords=headphones&qid=1640018027&sprefix=headp%2Caps%2C314&sr=8-288
4%,3%,6%,16%,72%,4.5,https://images-na.ssl-images-amazon.com/images/I/71fqoZeHgpL.__AC_SX300_SY300_QL70_ML2_.jpg,https://www.amazon.com//HIFIMAN-SUNDARA-Over-Ear-Full-Size-Headphones/dp/B077XDWT7X/ref=sr_1_288?crid=A88Q82ATWW8O&keywords=headphones&qid=1640018027&sprefix=headp%2Caps%2C314&sr=8-288
6%,3%,4%,11%,76%,4.5,https://images-na.ssl-images-amazon.com/images/I/81rq0q494WL.__AC_SX300_SY300_QL70_ML2_.jpg,https://www.amazon.com//HIFIMAN-SUNDARA-Over-Ear-Full-Size-Headphones/dp/B077XDWT7X/ref=sr_1_288?crid=A88Q82ATWW8O&keywords=headphones&qid=1640018027&sprefix=headp%2Caps%2C314&sr=8-288
3%,2%,6%,14%,74%,4.5,https://m.media-amazon.com/images/I/61+DgKu4NIL._AC_SY300_SX300_.jpg,https://www.amazon.com//HIFIMAN-SUNDARA-Over-Ear-Full-Size-Headphones/dp/B077XDWT7X/ref=sr_1_288?crid=A88Q82ATWW8O&keywords=headphones&qid=1640018027&sprefix=headp%2Caps%2C314&sr=8-288
4%,4%,8%,9%,75%,4.5,https://images-na.ssl-images-amazon.com/images/I/81AiPxDOJ1L.__AC_SX300_SY300_QL70_ML2_.jpg,https://www.amazon.com//HIFIMAN-SUNDARA-Over-Ear-Full-Size-Headphones/dp/B077XDWT7X/ref=sr_1_288?crid=A88Q82ATWW8O&keywords=headphones&qid=1640018027&sprefix=headp%2Caps%2C314&sr=8-288
2%,3%,6%,19%,69%,4.5,https://images-na.ssl-images-amazon.com/images/I/612J2spE5MS.__AC_SX300_SY300_QL70_ML2_.jpg,https://www.amazon.com//HIFIMAN-SUNDARA-Over-Ear-Full-Size-Headphones/dp/B077XDWT7X/ref=sr_1_288?crid=A88Q82ATWW8O&keywords=headphones&qid=1640018027&sprefix=headp%2Caps%2C314&sr=8-288
5%,3%,6%,14%,72%,4.5,https://images-na.ssl-images-amazon.com/images/I/71i4AFnv9IL.__AC_SX300_SY300_QL70_ML2_.jpg,https://www.amazon.com//HIFIMAN-SUNDARA-Over-Ear-Full-Size-Headphones/dp/B077XDWT7X/ref=sr_1_288?crid=A88Q82ATWW8O&keywords=headphones&qid=1640018027&sprefix=headp%2Caps%2C314&sr=8-288
4%,3%,6%,12%,75%,4.5,https://m.media-amazon.com/images/I/61k48I+hj0L._AC_SY300_SX300_.jpg,https://www.amazon.com//HIFIMAN-SUNDARA-Over-Ear-Full-Size-Headphones/dp/B077XDWT7X/ref=sr_1_288?crid=A88Q82ATWW8O&keywords=headphones&qid=1640018027&sprefix=headp%2Caps%2C314&sr=8-288
3%,2%,5%,17%,73%,4.5,https://images-na.ssl-images-amazon.com/images/I/71gGxB8OdoL.__AC_SX300_SY300_QL70_ML2_.jpg,https://www.amazon.com//HIFIMAN-SUNDARA-Over-Ear-Full-Size-Headphones/dp/B077XDWT7X/ref=sr_1_288?crid=A88Q82ATWW8O&keywords=headphones&qid=1640018027&sprefix=headp%2Caps%2C314&sr=8-288
5%,3%,4%,10%,78%,4.5,https://m.media-amazon.com/images/I/71T+irwN3tL._AC_SY300_SX300_.jpg,https://www.amazon.com//HIFIMAN-SUNDARA-Over-Ear-Full-Size-Headphones/dp/B077XDWT7X/ref=sr_1_288?crid=A88Q82ATWW8O&keywords=headphones&qid=1640018027&sprefix=headp%2Caps%2C314&sr=8-288
4%,2%,7%,11%,76%,4.5,https://m.media-amazon.com/images/I/61pWKM+z90L._AC_SY300_SX300_.jpg,https://www.amazon.com//Puro-Sound-Labs-JuniorJams-Headphones/dp/B07W5KVWGG/ref=sr_1_304?crid=A88Q82ATWW8O&keywords=headphones&qid=1640018030&sprefix=headp%2Caps%2C314&sr=8-304
3%,2%,5%,16%,73%,4.5,https://images-na.ssl-images-amazon.com/images/I/61DR0O1YOfL.__AC_SX300_SY300_QL70_ML2_.jpg,https://www.amazon.com//Puro-Sound-Labs-JuniorJams-Headphones/dp/B07W5KVWGG/ref=sr_1_304?crid=A88Q82ATWW8O&keywords=headphones&qid=1640018030&sprefix=headp%2Caps%2C314&sr=8-304
4%,3%,8%,12%,73%,4.5,https://images-na.ssl-images-amazon.com/images/I/817tTgbEdBL.__AC_SX300_SY300_QL70_ML2_.jpg,https://www.amazon.com//Puro-Sound-Labs-JuniorJams-Headphones/dp/B07W5KVWGG/ref=sr_1_304?crid=A88Q82ATWW8O&keywords=headphones&qid=1640018030&sprefix=headp%2Caps%2C314&sr=8-304
4%,2%,6%,15%,73%,4.5,https://images-na.ssl-images-amazon.com/images/I/81kIyRB83AL.__AC_SX300_SY300_QL70_ML2_.jpg,https://www.amazon.com//Puro-Sound-Labs-JuniorJams-Headphones/dp/B07W5KVWGG/ref=sr_1_304?crid=A88Q82ATWW8O&keywords=headphones&qid=1640018030&sprefix=headp%2Caps%2C314&sr=8-304
4%,2%,5%,13%,76%,4.5,https://images-na.ssl-images-amazon.com/images/I/61eJhLsaV0L.__AC_SX300_SY300_QL70_ML2_.jpg,https://www.amazon.com//Puro-Sound-Labs-JuniorJams-Headphones/dp/B07W5KVWGG/ref=sr_1_304?crid=A88Q82ATWW8O&keywords=headphones&qid=1640018030&sprefix=headp%2Caps%2C314&sr=8-304
5%,2%,5%,14%,74%,4.5,https://images-na.ssl-images-amazon.com/images/I/71VZb8dqgBL.__AC_SX300_SY300_QL70_ML2_.jpg,https://www.amazon.com//Puro-Sound-Labs-JuniorJams-Headphones/dp/B07W5KVWGG/ref=sr_1_304?crid=A88Q82ATWW8O&keywords=headphones&qid=1640018030&sprefix=headp%2Caps%2C314&sr=8-304
4%,2%,6%,11%,77%,4.5,https://m.media-amazon.com/images/I/81KAt+WKZPL._AC_SY300_SX300_.jpg,https://www.amazon.com//Puro-Sound-Labs-JuniorJams-Headphones/dp/B07W5KVWGG/ref=sr_1_304?crid=A88Q82ATWW8O&keywords=headphones&qid=1640018030&sprefix=headp%2Caps%2C314&sr=8-304
4%,3%,5%,14%,74%,4.5,https://images-na.ssl-images-amazon.com/images/I/71a5UwakPiL.__AC_SX300_SY300_QL70_ML2_.jpg,https://www.amazon.com//Puro-Sound-Labs-JuniorJams-Headphones/dp/B07W5KVWGG/ref=sr_1_304?crid=A88Q82ATWW8O&keywords=headphones&qid=1640018030&sprefix=headp%2Caps%2C314&sr=8-304
4%,3%,5%,12%,75%,4.5,https://images-na.ssl-images-amazon.com/images/I/71h2HWoQBEL.__AC_SY300_SX300_QL70_ML2_.jpg,https://www.amazon.com//Puro-Sound-Labs-JuniorJams-Headphones/dp/B07W5KVWGG/ref=sr_1_304?crid=A88Q82ATWW8O&keywords=headphones&qid=1640018030&sprefix=headp%2Caps%2C314&sr=8-304
3%,2%,5%,15%,74%,4.5,https://images-na.ssl-images-amazon.com/images/I/61mAMtSacyL.__AC_SX300_SY300_QL70_ML2_.jpg,https://www.amazon.com//Puro-Sound-Labs-JuniorJams-Headphones/dp/B07W5KVWGG/ref=sr_1_304?crid=A88Q82ATWW8O&keywords=headphones&qid=1640018030&sprefix=headp%2Caps%2C314&sr=8-304
3%,3%,7%,13%,74%,4.5,https://images-na.ssl-images-amazon.com/images/I/61pk54NHQwL.__AC_SX300_SY300_QL70_ML2_.jpg,https://www.amazon.com//Puro-Sound-Labs-JuniorJams-Headphones/dp/B07W5KVWGG/ref=sr_1_304?crid=A88Q82ATWW8O&keywords=headphones&qid=1640018030&sprefix=headp%2Caps%2C314&sr=8-304
3%,4%,6%,15%,72%,4.5,https://images-na.ssl-images-amazon.com/images/I/71LQv2SAU4L.__AC_SX300_SY300_QL70_ML2_.jpg,https://www.amazon.com//Puro-Sound-Labs-JuniorJams-Headphones/dp/B07W5KVWGG/ref=sr_1_304?crid=A88Q82ATWW8O&keywords=headphones&qid=1640018030&sprefix=headp%2Caps%2C314&sr=8-304
3%,2%,8%,15%,72%,4.5,https://images-na.ssl-images-amazon.com/images/I/61GzVo5PEvL.__AC_SY445_SX342_QL70_ML2_.jpg,https://www.amazon.com//Puro-Sound-Labs-JuniorJams-Headphones/dp/B07W5KVWGG/ref=sr_1_304?crid=A88Q82ATWW8O&keywords=headphones&qid=1640018030&sprefix=headp%2Caps%2C314&sr=8-304
4%,2%,6%,15%,73%,4.5,https://images-na.ssl-images-amazon.com/images/I/71HJ8Mu0LQL.__AC_SX300_SY300_QL70_ML2_.jpg,https://www.amazon.com//Headphones-Bluetooth-Headband-Navly-Headbands/dp/B094FNBF6M/ref=sr_1_306?crid=A88Q82ATWW8O&keywords=headphones&qid=1640018033&sprefix=headp%2Caps%2C314&sr=8-306
4%,4%,6%,11%,74%,4.5,https://images-na.ssl-images-amazon.com/images/I/719LQKbc7sL.__AC_SX300_SY300_QL70_ML2_.jpg,https://www.amazon.com//Headphones-Bluetooth-Headband-Navly-Headbands/dp/B094FNBF6M/ref=sr_1_306?crid=A88Q82ATWW8O&keywords=headphones&qid=1640018033&sprefix=headp%2Caps%2C314&sr=8-306
3%,2%,6%,15%,73%,4.5,https://images-na.ssl-images-amazon.com/images/I/71KbTAWLTNL.__AC_SX300_SY300_QL70_ML2_.jpg,https://www.amazon.com//Headphones-Bluetooth-Headband-Navly-Headbands/dp/B094FNBF6M/ref=sr_1_306?crid=A88Q82ATWW8O&keywords=headphones&qid=1640018033&sprefix=headp%2Caps%2C314&sr=8-306
4%,3%,5%,18%,70%,4.5,https://images-na.ssl-images-amazon.com/images/I/818c8Lnb8GL.__AC_SX300_SY300_QL70_ML2_.jpg,https://www.amazon.com//Headphones-Bluetooth-Headband-Navly-Headbands/dp/B094FNBF6M/ref=sr_1_306?crid=A88Q82ATWW8O&keywords=headphones&qid=1640018033&sprefix=headp%2Caps%2C314&sr=8-306
4%,2%,7%,13%,73%,4.5,https://images-na.ssl-images-amazon.com/images/I/61OutLBTdML.__AC_SX300_SY300_QL70_ML2_.jpg,https://www.amazon.com//Headphones-Bluetooth-Headband-Navly-Headbands/dp/B094FNBF6M/ref=sr_1_306?crid=A88Q82ATWW8O&keywords=headphones&qid=1640018033&sprefix=headp%2Caps%2C314&sr=8-306
4%,3%,4%,15%,74%,4.5,https://images-na.ssl-images-amazon.com/images/I/615z0vdvq0L.__AC_SX300_SY300_QL70_ML2_.jpg,https://www.amazon.com//Headphones-Bluetooth-Headband-Navly-Headbands/dp/B094FNBF6M/ref=sr_1_306?crid=A88Q82ATWW8O&keywords=headphones&qid=1640018033&sprefix=headp%2Caps%2C314&sr=8-306
5%,3%,6%,10%,77%,4.5,https://images-na.ssl-images-amazon.com/images/I/71xJwKmO8ML.__AC_SX300_SY300_QL70_ML2_.jpg,https://www.amazon.com//Headphones-Bluetooth-Headband-Navly-Headbands/dp/B094FNBF6M/ref=sr_1_306?crid=A88Q82ATWW8O&keywords=headphones&qid=1640018033&sprefix=headp%2Caps%2C314&sr=8-306
4%,4%,6%,14%,72%,4.5,https://images-na.ssl-images-amazon.com/images/I/71Ub0iobJzL.__AC_SX300_SY300_QL70_ML2_.jpg,https://www.amazon.com//Headphones-Bluetooth-Headband-Navly-Headbands/dp/B094FNBF6M/ref=sr_1_306?crid=A88Q82ATWW8O&keywords=headphones&qid=1640018033&sprefix=headp%2Caps%2C314&sr=8-306
5%,3%,7%,12%,74%,4.5,https://images-na.ssl-images-amazon.com/images/I/81PnYOGdm-L.__AC_SX300_SY300_QL70_ML2_.jpg,https://www.amazon.com//Headphones-Bluetooth-Headband-Navly-Headbands/dp/B094FNBF6M/ref=sr_1_306?crid=A88Q82ATWW8O&keywords=headphones&qid=1640018033&sprefix=headp%2Caps%2C314&sr=8-306
3%,2%,7%,16%,73%,4.5,https://images-na.ssl-images-amazon.com/images/I/61fZ24xLnwL.__AC_SX300_SY300_QL70_ML2_.jpg,https://www.amazon.com//Headphones-Bluetooth-Headband-Navly-Headbands/dp/B094FNBF6M/ref=sr_1_306?crid=A88Q82ATWW8O&keywords=headphones&qid=1640018033&sprefix=headp%2Caps%2C314&sr=8-306
3%,3%,6%,17%,71%,4.5,https://images-na.ssl-images-amazon.com/images/I/51FIWvdOhpL.__AC_SX300_SY300_QL70_ML2_.jpg,https://www.amazon.com//Headphones-Bluetooth-Headband-Navly-Headbands/dp/B094FNBF6M/ref=sr_1_306?crid=A88Q82ATWW8O&keywords=headphones&qid=1640018033&sprefix=headp%2Caps%2C314&sr=8-306
4%,2%,5%,13%,76%,4.5,https://images-na.ssl-images-amazon.com/images/I/71FfsS76ONL.__AC_SX300_SY300_QL70_ML2_.jpg,https://www.amazon.com//Headphones-Bluetooth-Headband-Navly-Headbands/dp/B094FNBF6M/ref=sr_1_306?crid=A88Q82ATWW8O&keywords=headphones&qid=1640018033&sprefix=headp%2Caps%2C314&sr=8-306
4%,3%,5%,15%,72%,4.5,https://images-na.ssl-images-amazon.com/images/I/81wv0qNCXNL.__AC_SY300_SX300_QL70_ML2_.jpg,https://www.amazon.com//Headphones-Bluetooth-Headband-Navly-Headbands/dp/B094FNBF6M/ref=sr_1_306?crid=A88Q82ATWW8O&keywords=headphones&qid=1640018033&sprefix=headp%2Caps%2C314&sr=8-306
1%,1%,11%,11%,75%,4.6,https://images-na.ssl-images-amazon.com/images/I/41mR6mxjRrL.__AC_SX300_SY300_QL70_ML2_.jpg,https://www.amazon.com//Headphones-Bluetooth-Headband-Navly-Headbands/dp/B094FNBF6M/ref=sr_1_306?crid=A88Q82ATWW8O&keywords=headphones&qid=1640018033&sprefix=headp%2Caps%2C314&sr=8-306
3%,3%,7%,14%,73%,4.5,https://images-na.ssl-images-amazon.com/images/I/71u2kov-lxL.__AC_SX300_SY300_QL70_ML2_.jpg,https://www.amazon.com//Headphones-Bluetooth-Headband-Navly-Headbands/dp/B094FNBF6M/ref=sr_1_306?crid=A88Q82ATWW8O&keywords=headphones&qid=1640018033&sprefix=headp%2Caps%2C314&sr=8-306
4%,4%,7%,12%,73%,4.5,https://images-na.ssl-images-amazon.com/images/I/61cz-te1T5L.__AC_SX300_SY300_QL70_ML2_.jpg,https://www.amazon.com//Headphones-Bluetooth-Headband-Navly-Headbands/dp/B094FNBF6M/ref=sr_1_306?crid=A88Q82ATWW8O&keywords=headphones&qid=1640018033&sprefix=headp%2Caps%2C314&sr=8-306
5%,2%,5%,20%,68%,4.4,https://images-na.ssl-images-amazon.com/images/I/81Mbxx-FTWL.__AC_SY300_SX300_QL70_ML2_.jpg,https://www.amazon.com//Headphones-Bluetooth-Headband-Navly-Headbands/dp/B094FNBF6M/ref=sr_1_306?crid=A88Q82ATWW8O&keywords=headphones&qid=1640018033&sprefix=headp%2Caps%2C314&sr=8-306
4%,3%,6%,13%,74%,4.5,https://images-na.ssl-images-amazon.com/images/I/81B7Ekett2L.__AC_SY300_SX300_QL70_ML2_.jpg,https://www.amazon.com//Headphones-Bluetooth-Headband-Navly-Headbands/dp/B094FNBF6M/ref=sr_1_306?crid=A88Q82ATWW8O&keywords=headphones&qid=1640018033&sprefix=headp%2Caps%2C314&sr=8-306
3%,3%,5%,18%,71%,4.5,https://images-na.ssl-images-amazon.com/images/I/61VqMJZqv-L.__AC_SX300_SY300_QL70_ML2_.jpg,https://www.amazon.com//Headphones-Bluetooth-Headband-Navly-Headbands/dp/B094FNBF6M/ref=sr_1_306?crid=A88Q82ATWW8O&keywords=headphones&qid=1640018033&sprefix=headp%2Caps%2C314&sr=8-306
5%,4%,5%,10%,75%,4.5,https://images-na.ssl-images-amazon.com/images/I/71ZSPqs4wVL.__AC_SX300_SY300_QL70_ML2_.jpg,https://www.amazon.com//Headphones-Bluetooth-Headband-Navly-Headbands/dp/B094FNBF6M/ref=sr_1_306?crid=A88Q82ATWW8O&keywords=headphones&qid=1640018033&sprefix=headp%2Caps%2C314&sr=8-306
0%,0%,14%,3%,83%,4.7,https://images-na.ssl-images-amazon.com/images/I/81LiT4L2tzL.__AC_SX300_SY300_QL70_ML2_.jpg,https://www.amazon.com//Headphones-Bluetooth-Headband-Navly-Headbands/dp/B094FNBF6M/ref=sr_1_306?crid=A88Q82ATWW8O&keywords=headphones&qid=1640018033&sprefix=headp%2Caps%2C314&sr=8-306
3%,3%,8%,17%,70%,4.5,https://m.media-amazon.com/images/I/71umBdKj+sL._AC_SY300_SX300_.jpg,https://www.amazon.com//Headphones-Bluetooth-Headband-Navly-Headbands/dp/B094FNBF6M/ref=sr_1_306?crid=A88Q82ATWW8O&keywords=headphones&qid=1640018033&sprefix=headp%2Caps%2C314&sr=8-306
3%,2%,7%,13%,75%,4.5,https://images-na.ssl-images-amazon.com/images/I/615EiMBk2KL.__AC_SX300_SY300_QL70_ML2_.jpg,https://www.amazon.com//Headphones-Bluetooth-Headband-Navly-Headbands/dp/B094FNBF6M/ref=sr_1_306?crid=A88Q82ATWW8O&keywords=headphones&qid=1640018033&sprefix=headp%2Caps%2C314&sr=8-306
4%,2%,7%,13%,74%,4.5,https://images-na.ssl-images-amazon.com/images/I/717IWd3RWpL.__AC_SX300_SY300_QL70_ML2_.jpg,https://www.amazon.com//Headphones-Bluetooth-Headband-Navly-Headbands/dp/B094FNBF6M/ref=sr_1_306?crid=A88Q82ATWW8O&keywords=headphones&qid=1640018033&sprefix=headp%2Caps%2C314&sr=8-306
5%,3%,7%,14%,72%,4.5,https://images-na.ssl-images-amazon.com/images/I/61fUaEassUL.__AC_SX300_SY300_QL70_ML2_.jpg,https://www.amazon.com//Headphones-Bluetooth-Headband-Navly-Headbands/dp/B094FNBF6M/ref=sr_1_306?crid=A88Q82ATWW8O&keywords=headphones&qid=1640018033&sprefix=headp%2Caps%2C314&sr=8-306
6%,2%,5%,13%,75%,4.5,https://images-na.ssl-images-amazon.com/images/I/519bk-Y47BL.__AC_SX300_SY300_QL70_ML2_.jpg,https://www.amazon.com//Headphones-Bluetooth-Headband-Navly-Headbands/dp/B094FNBF6M/ref=sr_1_306?crid=A88Q82ATWW8O&keywords=headphones&qid=1640018033&sprefix=headp%2Caps%2C314&sr=8-306
4%,2%,8%,16%,70%,4.5,https://images-na.ssl-images-amazon.com/images/I/61icm7bkfiL.__AC_SX300_SY300_QL70_ML2_.jpg,https://www.amazon.com//Headphones-Bluetooth-Headband-Navly-Headbands/dp/B094FNBF6M/ref=sr_1_306?crid=A88Q82ATWW8O&keywords=headphones&qid=1640018033&sprefix=headp%2Caps%2C314&sr=8-306
4%,3%,6%,13%,75%,4.5,https://images-na.ssl-images-amazon.com/images/I/71jfMy-8FES.__AC_SX300_SY300_QL70_ML2_.jpg,https://www.amazon.com//Headphones-Bluetooth-Headband-Navly-Headbands/dp/B094FNBF6M/ref=sr_1_306?crid=A88Q82ATWW8O&keywords=headphones&qid=1640018033&sprefix=headp%2Caps%2C314&sr=8-306
5%,2%,6%,12%,75%,4.5,https://images-na.ssl-images-amazon.com/images/I/81EDZYRLLoL.__AC_SX300_SY300_QL70_ML2_.jpg,https://www.amazon.com//Headphones-Bluetooth-Headband-Navly-Headbands/dp/B094FNBF6M/ref=sr_1_306?crid=A88Q82ATWW8O&keywords=headphones&qid=1640018033&sprefix=headp%2Caps%2C314&sr=8-306
4%,2%,7%,14%,74%,4.5,https://m.media-amazon.com/images/I/614g2d3q0+L._AC_SY300_SX300_.jpg,https://www.amazon.com//Headphones-Bluetooth-Headband-Navly-Headbands/dp/B094FNBF6M/ref=sr_1_306?crid=A88Q82ATWW8O&keywords=headphones&qid=1640018033&sprefix=headp%2Caps%2C314&sr=8-306
4%,2%,5%,15%,74%,4.5,https://m.media-amazon.com/images/I/61+HKx2Ei4L._AC_SY300_SX300_.jpg,https://www.amazon.com//Headphones-Bluetooth-Headband-Navly-Headbands/dp/B094FNBF6M/ref=sr_1_306?crid=A88Q82ATWW8O&keywords=headphones&qid=1640018033&sprefix=headp%2Caps%2C314&sr=8-306
3%,5%,6%,14%,72%,4.5,https://images-na.ssl-images-amazon.com/images/I/61OnK6q6skL.__AC_SX300_SY300_QL70_ML2_.jpg,https://www.amazon.com//Headphones-Bluetooth-Headband-Navly-Headbands/dp/B094FNBF6M/ref=sr_1_306?crid=A88Q82ATWW8O&keywords=headphones&qid=1640018033&sprefix=headp%2Caps%2C314&sr=8-306
4%,3%,5%,16%,72%,4.5,https://images-na.ssl-images-amazon.com/images/I/418kLMmZIYL.__AC_SX300_SY300_QL70_ML2_.jpg,https://www.amazon.com//Headphones-Bluetooth-Headband-Navly-Headbands/dp/B094FNBF6M/ref=sr_1_306?crid=A88Q82ATWW8O&keywords=headphones&qid=1640018033&sprefix=headp%2Caps%2C314&sr=8-306
5%,3%,6%,14%,73%,4.5,https://images-na.ssl-images-amazon.com/images/I/81W2HUTYUdL.__AC_SX300_SY300_QL70_ML2_.jpg,https://www.amazon.com//Headphones-Bluetooth-Headband-Navly-Headbands/dp/B094FNBF6M/ref=sr_1_306?crid=A88Q82ATWW8O&keywords=headphones&qid=1640018033&sprefix=headp%2Caps%2C314&sr=8-306
3%,3%,7%,16%,71%,4.5,https://images-na.ssl-images-amazon.com/images/I/715eQyMv55L.__AC_SX300_SY300_QL70_ML2_.jpg,https://www.amazon.com//Headphones-Bluetooth-Headband-Navly-Headbands/dp/B094FNBF6M/ref=sr_1_306?crid=A88Q82ATWW8O&keywords=headphones&qid=1640018033&sprefix=headp%2Caps%2C314&sr=8-306
3%,3%,5%,15%,74%,4.5,https://images-na.ssl-images-amazon.com/images/I/715nGARR9UL.__AC_SX300_SY300_QL70_ML2_.jpg,https://www.amazon.com//Headphones-Bluetooth-Headband-Navly-Headbands/dp/B094FNBF6M/ref=sr_1_306?crid=A88Q82ATWW8O&keywords=headphones&qid=1640018033&sprefix=headp%2Caps%2C314&sr=8-306
4%,2%,5%,15%,74%,4.5,https://images-na.ssl-images-amazon.com/images/I/713nNpDyIhL.__AC_SX300_SY300_QL70_ML2_.jpg,https://www.amazon.com//Headphones-Bluetooth-Headband-Navly-Headbands/dp/B094FNBF6M/ref=sr_1_306?crid=A88Q82ATWW8O&keywords=headphones&qid=1640018033&sprefix=headp%2Caps%2C314&sr=8-306
3%,2%,6%,17%,72%,4.5,https://images-na.ssl-images-amazon.com/images/I/81-5VFufp4L.__AC_SX300_SY300_QL70_ML2_.jpg,https://www.amazon.com//Headphones-Bluetooth-Headband-Navly-Headbands/dp/B094FNBF6M/ref=sr_1_306?crid=A88Q82ATWW8O&keywords=headphones&qid=1640018033&sprefix=headp%2Caps%2C314&sr=8-306
4%,3%,7%,15%,71%,4.5,https://images-na.ssl-images-amazon.com/images/I/61r3c1RY6TL.__AC_SX300_SY300_QL70_ML2_.jpg,https://www.amazon.com//Headphones-Bluetooth-Headband-Navly-Headbands/dp/B094FNBF6M/ref=sr_1_306?crid=A88Q82ATWW8O&keywords=headphones&qid=1640018033&sprefix=headp%2Caps%2C314&sr=8-306
4%,3%,7%,16%,70%,4.5,https://images-na.ssl-images-amazon.com/images/I/71HE8lJEwmL.__AC_SX300_SY300_QL70_ML2_.jpg,https://www.amazon.com//Headphones-Bluetooth-Headband-Navly-Headbands/dp/B094FNBF6M/ref=sr_1_306?crid=A88Q82ATWW8O&keywords=headphones&qid=1640018033&sprefix=headp%2Caps%2C314&sr=8-306
4%,3%,7%,14%,72%,4.5,https://images-na.ssl-images-amazon.com/images/I/61pUluB8lTL.__AC_SX300_SY300_QL70_ML2_.jpg,https://www.amazon.com//Headphones-Bluetooth-Headband-Navly-Headbands/dp/B094FNBF6M/ref=sr_1_306?crid=A88Q82ATWW8O&keywords=headphones&qid=1640018033&sprefix=headp%2Caps%2C314&sr=8-306
4%,3%,7%,16%,71%,4.5,https://images-na.ssl-images-amazon.com/images/I/818p9H8LGNL.__AC_SX300_SY300_QL70_ML2_.jpg,https://www.amazon.com//Headphones-Bluetooth-Headband-Navly-Headbands/dp/B094FNBF6M/ref=sr_1_306?crid=A88Q82ATWW8O&keywords=headphones&qid=1640018033&sprefix=headp%2Caps%2C314&sr=8-306
3%,4%,3%,15%,75%,4.6,https://images-na.ssl-images-amazon.com/images/I/71eIVUsEGPL.__AC_SX300_SY300_QL70_ML2_.jpg,https://www.amazon.com//Headphones-Bluetooth-Headband-Navly-Headbands/dp/B094FNBF6M/ref=sr_1_306?crid=A88Q82ATWW8O&keywords=headphones&qid=1640018033&sprefix=headp%2Caps%2C314&sr=8-306
0%,3%,7%,13%,77%,4.6,https://m.media-amazon.com/images/I/81+kwUY1DsL._AC_SY300_SX300_.jpg,https://www.amazon.com//Headphones-Bluetooth-Headband-Navly-Headbands/dp/B094FNBF6M/ref=sr_1_306?crid=A88Q82ATWW8O&keywords=headphones&qid=1640018033&sprefix=headp%2Caps%2C314&sr=8-306
3%,3%,7%,16%,71%,4.5,https://images-na.ssl-images-amazon.com/images/I/71B8i95XxpL.__AC_SX300_SY300_QL70_ML2_.jpg,https://www.amazon.com//Headphones-Bluetooth-Headband-Navly-Headbands/dp/B094FNBF6M/ref=sr_1_306?crid=A88Q82ATWW8O&keywords=headphones&qid=1640018033&sprefix=headp%2Caps%2C314&sr=8-306
3%,2%,5%,12%,79%,4.6,https://images-na.ssl-images-amazon.com/images/I/51XHStVq1JL.__AC_SY300_SX300_QL70_ML2_.jpg,https://www.amazon.com//Headphones-Bluetooth-Headband-Navly-Headbands/dp/B094FNBF6M/ref=sr_1_306?crid=A88Q82ATWW8O&keywords=headphones&qid=1640018033&sprefix=headp%2Caps%2C314&sr=8-306
0%,0%,0%,0%,100%,5.0,https://images-na.ssl-images-amazon.com/images/I/81uFEoy8c5S.__AC_SX300_SY300_QL70_ML2_.jpg,https://www.amazon.com//Headphones-Bluetooth-Headband-Navly-Headbands/dp/B094FNBF6M/ref=sr_1_306?crid=A88Q82ATWW8O&keywords=headphones&qid=1640018033&sprefix=headp%2Caps%2C314&sr=8-306
0%,4%,0%,15%,81%,4.7,https://images-na.ssl-images-amazon.com/images/I/61Mb-UISErL.__AC_SX300_SY300_QL70_ML2_.jpg,https://www.amazon.com//Headphones-Bluetooth-Headband-Navly-Headbands/dp/B094FNBF6M/ref=sr_1_306?crid=A88Q82ATWW8O&keywords=headphones&qid=1640018033&sprefix=headp%2Caps%2C314&sr=8-306
6%,2%,0%,13%,80%,4.6,https://m.media-amazon.com/images/I/41JL+6bndFS._SX342_SY445_.jpg,https://www.amazon.com//Headphones-Bluetooth-Headband-Navly-Headbands/dp/B094FNBF6M/ref=sr_1_306?crid=A88Q82ATWW8O&keywords=headphones&qid=1640018033&sprefix=headp%2Caps%2C314&sr=8-306
4%,3%,5%,7%,82%,4.6,https://images-na.ssl-images-amazon.com/images/I/71ieX9D-W8L.__AC_SX300_SY300_QL70_ML2_.jpg,https://www.amazon.com//Headphones-Bluetooth-Headband-Navly-Headbands/dp/B094FNBF6M/ref=sr_1_306?crid=A88Q82ATWW8O&keywords=headphones&qid=1640018033&sprefix=headp%2Caps%2C314&sr=8-306
2%,2%,4%,15%,77%,4.6,https://images-na.ssl-images-amazon.com/images/I/81IRb2rhIML.__AC_SX300_SY300_QL70_ML2_.jpg,https://www.amazon.com//Headphones-Bluetooth-Headband-Navly-Headbands/dp/B094FNBF6M/ref=sr_1_306?crid=A88Q82ATWW8O&keywords=headphones&qid=1640018033&sprefix=headp%2Caps%2C314&sr=8-306
3%,3%,5%,13%,76%,4.6,https://images-na.ssl-images-amazon.com/images/I/71dyR9RH2LS.__AC_SX300_SY300_QL70_ML2_.jpg,https://www.amazon.com//Headphones-Bluetooth-Headband-Navly-Headbands/dp/B094FNBF6M/ref=sr_1_306?crid=A88Q82ATWW8O&keywords=headphones&qid=1640018033&sprefix=headp%2Caps%2C314&sr=8-306
3%,1%,6%,13%,76%,4.6,https://images-na.ssl-images-amazon.com/images/I/61l47zSs4dL.__AC_SY300_SX300_QL70_ML2_.jpg,https://www.amazon.com//Headphones-Bluetooth-Headband-Navly-Headbands/dp/B094FNBF6M/ref=sr_1_306?crid=A88Q82ATWW8O&keywords=headphones&qid=1640018033&sprefix=headp%2Caps%2C314&sr=8-306
0%,6%,0%,13%,82%,4.7,https://images-na.ssl-images-amazon.com/images/I/81Gt6eP50wL.__AC_SX300_SY300_QL70_ML2_.jpg,https://www.amazon.com//Headphones-Bluetooth-Headband-Navly-Headbands/dp/B094FNBF6M/ref=sr_1_306?crid=A88Q82ATWW8O&keywords=headphones&qid=1640018033&sprefix=headp%2Caps%2C314&sr=8-306
4%,0%,0%,13%,83%,4.7,https://images-na.ssl-images-amazon.com/images/I/71NNxGypYuL.__AC_SX300_SY300_QL70_ML2_.jpg,https://www.amazon.com//Headphones-Bluetooth-Headband-Navly-Headbands/dp/B094FNBF6M/ref=sr_1_306?crid=A88Q82ATWW8O&keywords=headphones&qid=1640018033&sprefix=headp%2Caps%2C314&sr=8-306
3%,1%,4%,16%,75%,4.6,https://images-na.ssl-images-amazon.com/images/I/718StRSEA1L.__AC_SX300_SY300_QL70_ML2_.jpg,https://www.amazon.com//Headphones-Bluetooth-Headband-Navly-Headbands/dp/B094FNBF6M/ref=sr_1_306?crid=A88Q82ATWW8O&keywords=headphones&qid=1640018033&sprefix=headp%2Caps%2C314&sr=8-306
3%,2%,4%,12%,79%,4.6,https://images-na.ssl-images-amazon.com/images/I/91T-cgxqECL.__AC_SX300_SY300_QL70_ML2_.jpg,https://www.amazon.com//Headphones-Bluetooth-Headband-Navly-Headbands/dp/B094FNBF6M/ref=sr_1_306?crid=A88Q82ATWW8O&keywords=headphones&qid=1640018033&sprefix=headp%2Caps%2C314&sr=8-306
4%,1%,4%,15%,76%,4.6,https://images-na.ssl-images-amazon.com/images/I/51aY9qPkbDL.__AC_SX300_SY300_QL70_ML2_.jpg,https://www.amazon.com//Headphones-Bluetooth-Headband-Navly-Headbands/dp/B094FNBF6M/ref=sr_1_306?crid=A88Q82ATWW8O&keywords=headphones&qid=1640018033&sprefix=headp%2Caps%2C314&sr=8-306
3%,2%,6%,11%,79%,4.6,https://images-na.ssl-images-amazon.com/images/I/71QYkHDWotL.__AC_SY300_SX300_QL70_ML2_.jpg,https://www.amazon.com//Headphones-Bluetooth-Headband-Navly-Headbands/dp/B094FNBF6M/ref=sr_1_306?crid=A88Q82ATWW8O&keywords=headphones&qid=1640018033&sprefix=headp%2Caps%2C314&sr=8-306
4%,2%,4%,12%,77%,4.6,https://images-na.ssl-images-amazon.com/images/I/81d3fB4VeDL.__AC_SX300_SY300_QL70_ML2_.jpg,https://www.amazon.com//Headphones-Bluetooth-Headband-Navly-Headbands/dp/B094FNBF6M/ref=sr_1_306?crid=A88Q82ATWW8O&keywords=headphones&qid=1640018033&sprefix=headp%2Caps%2C314&sr=8-306
3%,2%,4%,13%,77%,4.6,https://images-na.ssl-images-amazon.com/images/I/61j4ft3GeOL.__AC_SX300_SY300_QL70_ML2_.jpg,https://www.amazon.com//Headphones-Bluetooth-Headband-Navly-Headbands/dp/B094FNBF6M/ref=sr_1_306?crid=A88Q82ATWW8O&keywords=headphones&qid=1640018033&sprefix=headp%2Caps%2C314&sr=8-306
3%,2%,4%,11%,80%,4.6,https://images-na.ssl-images-amazon.com/images/I/71QbbvhjDcL.__AC_SX300_SY300_QL70_ML2_.jpg,https://www.amazon.com//Headphones-Bluetooth-Headband-Navly-Headbands/dp/B094FNBF6M/ref=sr_1_306?crid=A88Q82ATWW8O&keywords=headphones&qid=1640018033&sprefix=headp%2Caps%2C314&sr=8-306
3%,2%,4%,11%,79%,4.6,https://images-na.ssl-images-amazon.com/images/I/71jDdUuRi8L.__AC_SX300_SY300_QL70_ML2_.jpg,https://www.amazon.com//Headphones-Bluetooth-Headband-Navly-Headbands/dp/B094FNBF6M/ref=sr_1_306?crid=A88Q82ATWW8O&keywords=headphones&qid=1640018033&sprefix=headp%2Caps%2C314&sr=8-306
3%,2%,6%,14%,75%,4.6,https://images-na.ssl-images-amazon.com/images/I/6152rEOcLaL.__AC_SX300_SY300_QL70_ML2_.jpg,https://www.amazon.com//Headphones-Bluetooth-Headband-Navly-Headbands/dp/B094FNBF6M/ref=sr_1_306?crid=A88Q82ATWW8O&keywords=headphones&qid=1640018033&sprefix=headp%2Caps%2C314&sr=8-306
3%,2%,5%,14%,77%,4.6,https://images-na.ssl-images-amazon.com/images/I/71KEOerw6VL.__AC_SX300_SY300_QL70_ML2_.jpg,https://www.amazon.com//Headphones-Bluetooth-Headband-Navly-Headbands/dp/B094FNBF6M/ref=sr_1_306?crid=A88Q82ATWW8O&keywords=headphones&qid=1640018033&sprefix=headp%2Caps%2C314&sr=8-306
2%,1%,4%,13%,80%,4.7,https://images-na.ssl-images-amazon.com/images/I/71S1pxklcdL.__AC_SX300_SY300_QL70_ML2_.jpg,https://www.amazon.com//Headphones-Bluetooth-Headband-Navly-Headbands/dp/B094FNBF6M/ref=sr_1_306?crid=A88Q82ATWW8O&keywords=headphones&qid=1640018033&sprefix=headp%2Caps%2C314&sr=8-306
2%,1%,4%,10%,83%,4.7,https://images-na.ssl-images-amazon.com/images/I/51azLM7v14L.__AC_SX300_SY300_QL70_ML2_.jpg,https://www.amazon.com//Headphones-Bluetooth-Headband-Navly-Headbands/dp/B094FNBF6M/ref=sr_1_306?crid=A88Q82ATWW8O&keywords=headphones&qid=1640018033&sprefix=headp%2Caps%2C314&sr=8-306
2%,1%,5%,10%,82%,4.7,https://images-na.ssl-images-amazon.com/images/I/61PAJaRUcKL.__AC_SX300_SY300_QL70_ML2_.jpg,https://www.amazon.com//Headphones-Bluetooth-Headband-Navly-Headbands/dp/B094FNBF6M/ref=sr_1_306?crid=A88Q82ATWW8O&keywords=headphones&qid=1640018033&sprefix=headp%2Caps%2C314&sr=8-306
3%,2%,3%,11%,81%,4.7,https://images-na.ssl-images-amazon.com/images/I/81BAtmyPccL.__AC_SX300_SY300_QL70_ML2_.jpg,https://www.amazon.com//Headphones-Bluetooth-Headband-Navly-Headbands/dp/B094FNBF6M/ref=sr_1_306?crid=A88Q82ATWW8O&keywords=headphones&qid=1640018033&sprefix=headp%2Caps%2C314&sr=8-306
1%,1%,4%,13%,80%,4.7,https://images-na.ssl-images-amazon.com/images/I/714dVWam9aL.__AC_SX300_SY300_QL70_ML2_.jpg,https://www.amazon.com//Headphones-Bluetooth-Headband-Navly-Headbands/dp/B094FNBF6M/ref=sr_1_306?crid=A88Q82ATWW8O&keywords=headphones&qid=1640018033&sprefix=headp%2Caps%2C314&sr=8-306
2%,1%,4%,13%,80%,4.7,https://images-na.ssl-images-amazon.com/images/I/715Sv8XftgL.__AC_SX300_SY300_QL70_ML2_.jpg,https://www.amazon.com//Headphones-Bluetooth-Headband-Navly-Headbands/dp/B094FNBF6M/ref=sr_1_306?crid=A88Q82ATWW8O&keywords=headphones&qid=1640018033&sprefix=headp%2Caps%2C314&sr=8-306
3%,2%,3%,9%,82%,4.7,https://images-na.ssl-images-amazon.com/images/I/71o8Q5XJS5L.__AC_SX300_SY300_QL70_ML2_.jpg,https://www.amazon.com//Headphones-Bluetooth-Headband-Navly-Headbands/dp/B094FNBF6M/ref=sr_1_306?crid=A88Q82ATWW8O&keywords=headphones&qid=1640018033&sprefix=headp%2Caps%2C314&sr=8-306
