product_1_star,product_2_star,product_3_star,product_4_star,product_5_star,product_avg_rating,product_img,product_num_reviews,product_url,ID
0%,1%,5%,11%,83%,4.8,https://images-na.ssl-images-amazon.com/images/I/81enFh4oiwL.__AC_SX300_SY300_QL70_ML2_.jpg,"136",https://www.amazon.com/LIERONT-Over-Ear-Headphone-Cancelling-Bluetooth/dp/B09CTGH8FN,AMZN-1
0%,2%,4%,0%,94%,4.9,https://images-na.ssl-images-amazon.com/images/I/71ejMbYeZwL.__AC_SX300_SY300_QL70_ML2_.jpg,"124",https://www.amazon.com/Wireless-Bluetooth-Headphones-Waterproof-Earphones/dp/B09P3Q59J9,AMZN-2
1%,0%,6%,6%,87%,4.8,https://images-na.ssl-images-amazon.com/images/I/71OpGvsy0RL.__AC_SY300_SX300_QL70_ML2_.jpg,"89",https://www.amazon.com/DRIVE-AUDIO-Wireless-Headphones-DriveAudio/dp/B07123Y1DX,AMZN-3
1%,0%,4%,9%,85%,4.8,https://images-na.ssl-images-amazon.com/images/I/81T59yozmpL.__AC_SX300_SY300_QL70_ML2_.jpg,"124",https://www.amazon.com/Ghostbusters-Headphones-Microphone-Rechargeable-Adjustable/dp/B083QNL1CW,AMZN-4
0%,0%,0%,14%,86%,4.9,https://images-na.ssl-images-amazon.com/images/I/71yyNSjQjNL.__AC_SX300_SY300_QL70_ML2_.jpg,"40",https://www.amazon.com/Headphones-New-bee-KH20-Lightweight/dp/B09HZLRVGK,AMZN-5
2%,2%,2%,7%,87%,4.8,https://images-na.ssl-images-amazon.com/images/I/61DydOcMJxL.__AC_SX300_SY300_QL70_ML2_.jpg,"196",https://www.amazon.com/Sony-WH-1000XM4-Wireless-Canceling-Headphones/dp/B08WZXP336,AMZN-6
0%,2%,3%,12%,83%,4.8,https://images-na.ssl-images-amazon.com/images/I/51kalFzHKdL.__AC_SX300_SY300_QL70_ML2_.jpg,"115",https://www.amazon.com/Aenllosi-Compatible-TUNE500BT-Lightweight-Headphones/dp/B07P8PGPMM,AMZN-7
0%,0%,0%,12%,88%,4.9,https://images-na.ssl-images-amazon.com/images/I/61Fvb1vkxIL.__AC_SX300_SY300_QL70_ML2_.jpg,"52",https://www.amazon.com/beyerdynamic-DT-990-Pro-250-Professional-Acoustically-Headphones/dp/B0856XSSFW,AMZN-8
2%,0%,2%,7%,89%,4.8,https://images-na.ssl-images-amazon.com/images/I/61cxhin4XqL.__AC_SX300_SY300_QL70_ML2_.jpg,"240",https://www.amazon.com/Conduction-Headphones-Bluetooth-Waterproof-Activities/dp/B09JK3RQZL,AMZN-9
1%,1%,2%,9%,87%,4.8,https://images-na.ssl-images-amazon.com/images/I/71CNFlF4qzL.__AC_SX300_SY300_QL70_ML2_.jpg,"302",https://www.amazon.com/Wireless-Bluetooth-Headphones-Earphones-BMANI-VEAT00L/dp/B09JC2VJYT,AMZN-10
0%,1%,2%,12%,86%,4.8,https://images-na.ssl-images-amazon.com/images/I/41q2J2EY9MS.__AC_SX300_SY300_QL70_ML2_.jpg,"495",https://www.amazon.com/aceyoon-Under-Headphone-Stand-Adjustable-Installation-Multifunctional/dp/B07QYRLFPV,AMZN-11
2%,1%,2%,10%,85%,4.8,https://images-na.ssl-images-amazon.com/images/I/61HL0tbcVPL.__AC_SX300_SY300_QL70_ML2_.jpg,"665",https://www.amazon.com/Audio-Technica-ATH-M50x-Professional-Headphones-Headphone/dp/B00NT08MAI,AMZN-12
1%,1%,3%,9%,86%,4.8,https://m.media-amazon.com/images/I/71I0lybSq+L._AC_SY300_SX300_.jpg,"3489",https://www.amazon.com/Skullcandy-Crusher-Wireless-Over-Ear-Headphone/dp/B08FCGH2RL,AMZN-13
2%,1%,2%,8%,87%,4.8,https://images-na.ssl-images-amazon.com/images/I/71-UPisBswL.__AC_SX300_SY300_QL70_ML2_.jpg,"6451",https://www.amazon.com/Bose-QuietComfort-Bluetooth-Headphones-Noise-Cancelling/dp/B07NXDPLJ9,AMZN-14
1%,2%,2%,7%,88%,4.8,https://images-na.ssl-images-amazon.com/images/I/81ydKOdA0sL.__AC_SX300_SY300_QL70_ML2_.jpg,"958",https://www.amazon.com/Sennheiser-HD-660-Audiophile-Headphone/dp/B076HP574T,AMZN-15
2%,1%,3%,9%,85%,4.8,https://images-na.ssl-images-amazon.com/images/I/81UrUMCKXDL.__AC_SX300_SY300_QL70_ML2_.jpg,"1707",https://www.amazon.com/Sennheiser-Open-Back-Professional-Headphone/dp/B00004SY4H,AMZN-16
3%,2%,3%,10%,82%,4.7,https://images-na.ssl-images-amazon.com/images/I/61mq3DocJ1L.__AC_SX300_SY300_QL70_ML2_.jpg,"6725",https://www.amazon.com/Bose-Cancelling-Bluetooth-Headphones-Soapstone/dp/B07X5F81JS,AMZN-17
3%,1%,3%,9%,84%,4.7,https://m.media-amazon.com/images/I/51-+O3-wFxL._AC_SX342_SY445_.jpg,"7152",https://www.amazon.com/Beats-Studio3-Wireless-Over%E2%80%91Ear-Headphones/dp/B085296FLT,AMZN-18
3%,2%,4%,10%,82%,4.7,https://images-na.ssl-images-amazon.com/images/I/519EahgX90L.__AC_SY300_SX300_QL70_ML2_.jpg,"20435",https://www.amazon.com/Sony-Noise-Cancelling-Headphones-WH1000XM3/dp/B07G4MNFS1,AMZN-19
1%,1%,4%,13%,81%,4.7,https://images-na.ssl-images-amazon.com/images/I/61YaH4ekhVL.__AC_SX300_SY300_QL70_ML2_.jpg,"7032",https://www.amazon.com/Headphones-noot-products-K22-Tangle-Free-Tablet-Flamingo/dp/B07H2PGXT5,AMZN-20
2%,2%,4%,13%,80%,4.7,https://images-na.ssl-images-amazon.com/images/I/816xGwuaaOL.__AC_SX300_SY300_QL70_ML2_.jpg,"5596",https://www.amazon.com/Audio-Technica-ATHM40x-Professional-Monitor-Headphones/dp/B00HVLUR54,AMZN-21
4%,1%,3%,9%,83%,4.7,https://images-na.ssl-images-amazon.com/images/I/714og8zjjDL.__AC_SX342_SY445_QL70_ML2_.jpg,"16385",https://www.amazon.com/Beats-Solo3-Wireless-Headphones-Anniversary/dp/B07HJJ94NJ,AMZN-22
1%,1%,4%,13%,80%,4.7,https://images-na.ssl-images-amazon.com/images/I/71cBALUrUAL.__AC_SX300_SY300_QL70_ML2_.jpg,"8796",https://www.amazon.com/POWMEE-M2-Headphones-Adjustable-Tangle-Free/dp/B07P7SXYRB,AMZN-23
2%,1%,4%,13%,81%,4.7,https://images-na.ssl-images-amazon.com/images/I/71iHz1BCPCL.__AC_SX300_SY300_QL70_ML2_.jpg,"11368",https://www.amazon.com/POWMEE-M1-Headphones-Adjustable-Tangle-Free/dp/B07MF6QJBM,AMZN-24
2%,1%,3%,8%,85%,4.7,https://m.media-amazon.com/images/I/81+jNVOUsJL._AC_SY300_SX300_.jpg,"54553",https://www.amazon.com/Bose-QuietComfort-Wireless-Headphones-Cancelling/dp/B0756CYWWD,AMZN-25
2%,1%,4%,13%,80%,4.7,https://images-na.ssl-images-amazon.com/images/I/51eL8U9VWaS.__AC_SX300_SY300_QL70_ML2_.jpg,"11437",https://www.amazon.com/Koss-Porta-Headphones-Black-Silver/dp/B00001P4ZH,AMZN-26
2%,1%,4%,12%,81%,4.7,https://images-na.ssl-images-amazon.com/images/I/51jnken0iML.__AC_SX300_SY300_QL70_ML2_.jpg,"463",https://www.amazon.com/AfterShokz-Conduction-Wireless-Bluetooth-Headphones/dp/B08L615DRD,AMZN-27
3%,2%,4%,11%,81%,4.7,https://images-na.ssl-images-amazon.com/images/I/418F1TwYWEL.__AC_SX300_SY300_QL70_ML2_.jpg,"667",https://www.amazon.com/Sony-WH-1000XM4-Canceling-Headphones-Ultra-Portable/dp/B08GKWXRF4,AMZN-28
2%,1%,3%,14%,80%,4.7,https://images-na.ssl-images-amazon.com/images/I/71vYqjcEDNL.__AC_SX300_SY300_QL70_ML2_.jpg,"687",https://www.amazon.com/Zamkol-Wireless-Headphones-Bluetooth-Microphone/dp/B08LG67VW3,AMZN-29
2%,1%,4%,13%,80%,4.7,https://images-na.ssl-images-amazon.com/images/I/715Sv8XftgL.__AC_SX300_SY300_QL70_ML2_.jpg,"29638",https://www.amazon.com/Kids-Headphones-products-Tangle-Free-Ear/dp/B0746RBK2M,AMZN-30
1%,3%,4%,9%,83%,4.7,https://images-na.ssl-images-amazon.com/images/I/71e3CokPkDL.__AC_SX300_SY300_QL70_ML2_.jpg,"800",https://www.amazon.com/Meze-Classics-Walnut-Headphones-Black/dp/B018VZBH5M,AMZN-31
3%,2%,4%,8%,83%,4.7,https://images-na.ssl-images-amazon.com/images/I/31Ptw7FPAAL._SX300_SY300_QL70_ML2_.jpg,"836",https://www.amazon.com/beyerdynamic-880-Over-Ear-Studio-Headphone/dp/B001B1QENY,AMZN-32
2%,1%,4%,13%,80%,4.7,https://images-na.ssl-images-amazon.com/images/I/71S1pxklcdL.__AC_SX300_SY300_QL70_ML2_.jpg,"1101",https://www.amazon.com/Aproca-Compatible-Rechargeable-Headphones-Bluetooth/dp/B07BSBY8BQ,AMZN-33
3%,2%,3%,10%,83%,4.7,https://images-na.ssl-images-amazon.com/images/I/61zM6Ixx25L.__AC_SX300_SY300_QL70_ML2_.jpg,"971",https://www.amazon.com/Vic-Firth-Isolation-Headphones-SIH2/dp/B079PTW3K5,AMZN-34
4%,1%,3%,8%,84%,4.7,https://m.media-amazon.com/images/I/81+jNVOUsJL._AC_SY300_SX300_.jpg,"1099",https://www.amazon.com/Bose-QuietComfort-Wireless-Headphones-Cancelling/dp/B079NM341X,AMZN-35
2%,1%,5%,9%,82%,4.7,https://images-na.ssl-images-amazon.com/images/I/61PAJaRUcKL.__AC_SX300_SY300_QL70_ML2_.jpg,"1145",https://www.amazon.com/Aftershokz-AS650CR-BR-Conduction-Headphones-Reflective/dp/B07G3JBMKZ,AMZN-36
1%,1%,4%,13%,81%,4.7,https://images-na.ssl-images-amazon.com/images/I/714dVWam9aL.__AC_SX300_SY300_QL70_ML2_.jpg,"2947",https://www.amazon.com/Headphones-noot-products-K33-Tangle-Free-Smartphones/dp/B07TPLQVGQ,AMZN-37
3%,2%,3%,11%,81%,4.7,https://images-na.ssl-images-amazon.com/images/I/81BAtmyPccL.__AC_SX300_SY300_QL70_ML2_.jpg,"2640",https://www.amazon.com/Sennheiser-HD-598-Over-Ear-Headphones/dp/B0126HISOO,AMZN-38
2%,2%,4%,11%,82%,4.7,https://images-na.ssl-images-amazon.com/images/I/813vag8o5QL.__AC_SX300_SY300_QL70_ML2_.jpg,"3677",https://www.amazon.com/Sony-MDRV6-Studio-Monitor-Headphones/dp/B00001WRSJ,AMZN-39
1%,1%,4%,13%,80%,4.7,https://images-na.ssl-images-amazon.com/images/I/71GYpKox90L.__AC_SX300_SY300_QL70_ML2_.jpg,"3683",https://www.amazon.com/Headphones-Microphone-noot-products-K12/dp/B07TKBTCVS,AMZN-40
0%,2%,3%,22%,73%,4.7,https://images-na.ssl-images-amazon.com/images/I/81oQI-Iu-8L.__AC_SX300_SY300_QL70_ML2_.jpg,"98",https://www.amazon.com/Yamaha-HPH-100B-Dynamic-Closed-Back-Headphones/dp/B013WW90PS,AMZN-41
1%,3%,4%,7%,83%,4.7,https://images-na.ssl-images-amazon.com/images/I/41kdNA1wnNL.__AC_SY445_SX342_QL70_ML2_.jpg,"123",https://www.amazon.com/Beats-Solo%C2%B3-Wireless-Ear-Headphones/dp/B0873ZQMLT,AMZN-42
0%,0%,4%,8%,88%,4.8,https://images-na.ssl-images-amazon.com/images/I/71ZYH3HU2vL.__AC_SX300_SY300_QL70_ML2_.jpg,"43",https://www.amazon.com/Lalacosy-Headphones-Birthday-Children-Princess/dp/B095H8L9QR,AMZN-43
0%,3%,0%,12%,84%,4.8,https://images-na.ssl-images-amazon.com/images/I/61Mb-UISErL.__AC_SX300_SY300_QL70_ML2_.jpg,"44",https://www.amazon.com/Headphones-Headphone-Foldable-Adjustable-Children/dp/B09B9RMKCS,AMZN-44
2%,2%,4%,10%,82%,4.7,https://images-na.ssl-images-amazon.com/images/I/71So77iFC6L.__AC_SX300_SY300_QL70_ML2_.jpg,"150",https://www.amazon.com/Audonia-E7-Active-Noise-Cancelling/dp/B09FF39ZM6,AMZN-45
2%,2%,3%,9%,84%,4.7,https://images-na.ssl-images-amazon.com/images/I/71y01f8C3vL.__AC_SX300_SY300_QL70_ML2_.jpg,"141",https://www.amazon.com/AKG-Semi-Open-Professional-Headphones-Headphone/dp/B07KCZX221,AMZN-46
2%,3%,3%,8%,84%,4.7,https://images-na.ssl-images-amazon.com/images/I/612oYRSDxbL.__AC_SX300_SY300_QL70_ML2_.jpg,"171",https://www.amazon.com/beyerdynamic-DT-990-Acoustically-Headphones-Headphone/dp/B087RQH577,AMZN-47
2%,0%,7%,10%,82%,4.7,https://images-na.ssl-images-amazon.com/images/I/41unN25D6gL.__AC_SX300_SY300_QL70_ML2_.jpg,"189",https://www.amazon.com/Aenllosi-Carrying-300BT-Wireless-Headphones/dp/B07XBWBMZY,AMZN-48
2%,0%,3%,10%,85%,4.8,https://images-na.ssl-images-amazon.com/images/I/61n6CNzI4UL.__AC_SX300_SY300_QL70_ML2_.jpg,"52",https://www.amazon.com/Sony-MDR7506-Professional-Diaphragm-Headphone/dp/B08GKW7H1C,AMZN-49
2%,1%,2%,15%,80%,4.7,https://images-na.ssl-images-amazon.com/images/I/61AzLDN3YOL.__AC_SX300_SY300_QL70_ML2_.jpg,"212",https://www.amazon.com/Pack-iClever-Kids-Headphones-Microphone/dp/B08R9T375R,AMZN-50
2%,2%,2%,14%,80%,4.7,https://images-na.ssl-images-amazon.com/images/I/61BUDPYPb6S.__AC_SX300_SY300_QL70_ML2_.jpg,"249",https://www.amazon.com/Infurture-Headphones-Microphone-Compatible-Cellphones/dp/B08VJDY27M,AMZN-51
2%,1%,4%,10%,84%,4.7,https://images-na.ssl-images-amazon.com/images/I/51azLM7v14L.__AC_SX300_SY300_QL70_ML2_.jpg,"260",https://www.amazon.com/Sony-4334205465-DJ-Headphones/dp/B073BWKNVV,AMZN-52
2%,1%,4%,14%,79%,4.7,https://images-na.ssl-images-amazon.com/images/I/61D61fnevUS.__AC_SX300_SY300_QL70_ML2_.jpg,"281",https://www.amazon.com/Nilogie-A21-Headphones-Cellphone-Airplane/dp/B098L1B4MZ,AMZN-53
0%,3%,0%,12%,85%,4.8,https://images-na.ssl-images-amazon.com/images/I/81wc1xwT1JL.__AC_SX300_SY300_QL70_ML2_.jpg,"39",https://www.amazon.com/AKG-Professional-Semi-Open-Headphones-Headphone/dp/B08Q4BMM3B,AMZN-54
2%,3%,5%,8%,83%,4.7,https://images-na.ssl-images-amazon.com/images/I/61CY7Q7m3kL.__AC_SX300_SY300_QL70_ML2_.jpg,"289",https://www.amazon.com/Vic-Kidphones-Non-electronic-Isolation-headphones/dp/B000Z31GGE,AMZN-55
4%,2%,4%,12%,78%,4.6,https://images-na.ssl-images-amazon.com/images/I/7118TJAtRXL.__AC_SX300_SY300_QL70_ML2_.jpg,"7583",https://www.amazon.com/Marshall-Major-Bluetooth-Wireless-Headphones/dp/B07CDZD8B7,AMZN-56
3%,2%,5%,11%,79%,4.6,https://m.media-amazon.com/images/I/61+7N6oE69L._AC_SY300_SX300_.jpg,"7433",https://www.amazon.com/Riwbox-Bluetooth-Headphones-Foldable-Microphone/dp/B071FJ1763,AMZN-57
4%,2%,5%,10%,78%,4.6,https://images-na.ssl-images-amazon.com/images/I/51Gm1kSEJRL.__AC_SY445_SX342_QL70_ML2_.jpg,"7727",https://www.amazon.com/Beats-EP-On-Ear-Headphones-Red/dp/B01LYIN5V7,AMZN-58
2%,2%,4%,14%,78%,4.6,https://images-na.ssl-images-amazon.com/images/I/81OL7eorGHL.__AC_SX300_SY300_QL70_ML2_.jpg,"10719",https://www.amazon.com/Sony-WH-XB900N-Wireless-Canceling-Headphones/dp/B07RM8WQ8G,AMZN-59
3%,2%,5%,13%,77%,4.6,https://images-na.ssl-images-amazon.com/images/I/61YWXi9LSdS.__AC_SX300_SY300_QL70_ML2_.jpg,"7868",https://www.amazon.com/i36-Headphones-Adjustable-Compatible-Cellphones/dp/B07518KZ17,AMZN-60
3%,2%,4%,11%,80%,4.6,https://images-na.ssl-images-amazon.com/images/I/71QbbvhjDcL.__AC_SX300_SY300_QL70_ML2_.jpg,"16371",https://www.amazon.com/Skullcandy-Bluetooth-Headphone-Microphone-Adjustable/dp/B01DWH77GC,AMZN-61
2%,2%,5%,15%,76%,4.6,https://images-na.ssl-images-amazon.com/images/I/71wQVZhuQ3L.__AC_SX300_SY300_QL70_ML2_.jpg,"8385",https://www.amazon.com/Audio-Technica-ATH-M20x-Professional-Monitor-Headphones/dp/B00HVLUR18,AMZN-62
2%,2%,6%,14%,76%,4.6,https://m.media-amazon.com/images/I/61Ca+bjvjoL._AC_SY300_SX300_.jpg,"8058",https://www.amazon.com/AKG-K240STUDIO-Semi-Open-Professional-Headphones/dp/B0001ARCFA,AMZN-63
3%,2%,4%,11%,79%,4.6,https://images-na.ssl-images-amazon.com/images/I/71jDdUuRi8L.__AC_SX300_SY300_QL70_ML2_.jpg,"26224",https://www.amazon.com/Bose-SoundLink-around-ear-wireless-headphones/dp/B0117RGG8E,AMZN-64
3%,2%,5%,14%,77%,4.6,https://images-na.ssl-images-amazon.com/images/I/71KEOerw6VL.__AC_SX300_SY300_QL70_ML2_.jpg,"10974",https://www.amazon.com/Skullcandy-Hesh-Wireless-Over-Ear-Headphone/dp/B00NCSIN4W,AMZN-65
3%,2%,6%,14%,75%,4.6,https://images-na.ssl-images-amazon.com/images/I/6152rEOcLaL.__AC_SX300_SY300_QL70_ML2_.jpg,"11067",https://www.amazon.com/iClever-Kids-Headphones-Adjustable-Untangled/dp/B076JDPH5D,AMZN-66
5%,0%,0%,8%,87%,4.7,https://images-na.ssl-images-amazon.com/images/I/61v1UdeyxmL.__AC_SX300_SY300_QL70_ML2_.jpg,"69",https://www.amazon.com/Beyerdynamic-Studio-Headphones-Limited-Headphone/dp/B07X5C71BJ,AMZN-67
2%,2%,5%,13%,78%,4.6,https://images-na.ssl-images-amazon.com/images/I/61xoxvuPsAS.__AC_SX300_SY300_QL70_ML2_.jpg,"20170",https://www.amazon.com/i37-Headphones-Adjustable-Compatible-Cellphones/dp/B078XZX9MD,AMZN-68
0%,3%,6%,13%,78%,4.7,https://m.media-amazon.com/images/I/81+kwUY1DsL._AC_SY300_SX300_.jpg,"87",https://www.amazon.com/eKids-Bluetooth-Headphones-Microphone-Rechargeable/dp/B08R6FDDQ5,AMZN-69
2%,2%,3%,6%,87%,4.7,https://images-na.ssl-images-amazon.com/images/I/91KJCoWxogL.__AC_SX300_SY300_QL70_ML2_.jpg,"94",https://www.amazon.com/Beyerdynamic-Headphones-Headphone-Optimizer-Extension/dp/B07LBZ98Z1,AMZN-70
3%,3%,3%,6%,85%,4.7,https://m.media-amazon.com/images/I/81ZiNYR+U8L._AC_SY300_SX300_.jpg,"338",https://www.amazon.com/Audio-Technica-Professional-Open-Back-Reference-Headphones/dp/B00SKVNS00,AMZN-71
2%,2%,4%,14%,77%,4.6,https://images-na.ssl-images-amazon.com/images/I/61Uo18V2XKL.__AC_SX300_SY300_QL70_ML2_.jpg,"3247",https://www.amazon.com/Headphones-Yinyoo-Earphones-Detachable-mic/dp/B07Q2RTPFD,AMZN-72
4%,2%,4%,13%,77%,4.6,https://images-na.ssl-images-amazon.com/images/I/51KEh6lalRS.__AC_SY300_SX300_QL70_ML2_.jpg,"3832",https://www.amazon.com/AfterShokz-Wireless-Conduction-Headphones-AS650SG/dp/B075FMK7SD,AMZN-73
4%,2%,5%,13%,76%,4.6,https://m.media-amazon.com/images/I/71O+YOWVkyS._AC_SY300_SX300_.jpg,"3202",https://www.amazon.com/eKids-Headphones-Adjustable-Tangle-Free-Childrens/dp/B00JM5GFSA,AMZN-74
3%,2%,5%,14%,77%,4.6,https://images-na.ssl-images-amazon.com/images/I/61X2yz8DA0L.__AC_SX300_SY300_QL70_ML2_.jpg,"3690",https://www.amazon.com/Headphones-Children-Lightweight-Cellphones-K8/dp/B07HNVGBCX,AMZN-75
2%,2%,4%,14%,78%,4.6,https://images-na.ssl-images-amazon.com/images/I/81LdX-kl0iL.__AC_SX300_SY300_QL70_ML2_.jpg,"4434",https://www.amazon.com/Philips-X2HR-Over-Ear-Open-Air-Headphone/dp/B01N5VHLUG,AMZN-76
2%,2%,5%,12%,78%,4.6,https://images-na.ssl-images-amazon.com/images/I/6187XHsp4jL.__AC_SX300_SY300_QL70_ML2_.jpg,"3785",https://www.amazon.com/FosPower-Headphones-3-5mm-Stereo-Headset/dp/B07R4B8LSS,AMZN-77
4%,2%,5%,12%,78%,4.6,https://images-na.ssl-images-amazon.com/images/I/71bSniLIIqL.__AC_SX300_SY300_QL70_ML2_.jpg,"4324",https://www.amazon.com/Riwbox-Bluetooth-Headphones-Microphone-Smartphones/dp/B07HL1H93Y,AMZN-78
2%,1%,4%,14%,78%,4.6,https://images-na.ssl-images-amazon.com/images/I/81694z8PNiS.__AC_SX300_SY300_QL70_ML2_.jpg,"4709",https://www.amazon.com/Audio-Technica-ATH-M30x-Professional-Monitor-Headphones/dp/B00HVLUQW8,AMZN-79
2%,2%,5%,15%,76%,4.6,https://images-na.ssl-images-amazon.com/images/I/71wZkex49qL.__AC_SX300_SY300_QL70_ML2_.jpg,"4868",https://www.amazon.com/POWMEE-P10-Headphones-Microphone-Adjustable/dp/B08BF971WF,AMZN-80
3%,2%,4%,12%,79%,4.6,https://images-na.ssl-images-amazon.com/images/I/615Nba6dy4L.__AC_SX300_SY300_QL70_ML2_.jpg,"5211",https://www.amazon.com/Sennheiser-HD280PRO-Headphone-new-model/dp/B00IT0IHOY,AMZN-81
3%,2%,5%,11%,78%,4.6,https://images-na.ssl-images-amazon.com/images/I/71KYGdaqvHL.__AC_SY300_SX300_QL70_ML2_.jpg,"4604",https://www.amazon.com/Spiderman-Headphones-Rechargeable-Microphone-Detachable/dp/B071G1RLYC,AMZN-82
4%,2%,4%,12%,77%,4.6,https://images-na.ssl-images-amazon.com/images/I/81d3fB4VeDL.__AC_SX300_SY300_QL70_ML2_.jpg,"5943",https://www.amazon.com/Audio-Technica-ATH-M50xBT-Wireless-Bluetooth-Headphones/dp/B07HKVCVSY,AMZN-83
3%,2%,5%,14%,77%,4.6,https://images-na.ssl-images-amazon.com/images/I/61Yjw3vfc8L.__AC_SY300_SX300_QL70_ML2_.jpg,"3091",https://www.amazon.com/iClever-Kids-Headphones-Pack-Adjustable/dp/B07YZFL659,AMZN-84
4%,3%,4%,11%,78%,4.6,https://images-na.ssl-images-amazon.com/images/I/61r37fGY4FS.__AC_SX300_SY300_QL70_ML2_.jpg,"1109",https://www.amazon.com/Lunii-OCTAVE-1-Octave-Headphones/dp/B07LGS178B,AMZN-85
3%,1%,4%,11%,80%,4.6,https://images-na.ssl-images-amazon.com/images/I/81vd5rDML9L.__AC_SX300_SY300_QL70_ML2_.jpg,"1291",https://www.amazon.com/Bluetooth-Headphones-Rechargeable-Microphone-Detachable/dp/B07Q5CP9ML,AMZN-86
3%,2%,4%,15%,76%,4.6,https://images-na.ssl-images-amazon.com/images/I/81-R7tWdkqL.__AC_SX300_SY300_QL70_ML2_.jpg,"1163",https://www.amazon.com/Skullcandy-Wireless-Cancelling-Over-Ear-Headphone/dp/B08G1ZBKGP,AMZN-87
3%,2%,3%,13%,79%,4.6,https://images-na.ssl-images-amazon.com/images/I/71gXbDqJMFL.__AC_SX300_SY300_QL70_ML2_.jpg,"1450",https://www.amazon.com/Wireless-Bluetooth-Headphones-Earphones-BMANI-VEAT00L/dp/B09CPDSNQM,AMZN-88
2%,1%,6%,16%,74%,4.6,https://images-na.ssl-images-amazon.com/images/I/711fe1GJFKL.__AC_SX300_SY300_QL70_ML2_.jpg,"1669",https://www.amazon.com/Skullcandy-Cassette-Wireless-Over-Ear-Headphone/dp/B07VT1Z7DP,AMZN-89
4%,2%,4%,13%,77%,4.6,https://images-na.ssl-images-amazon.com/images/I/41cUTNQUzxL.__AC_SX300_SY300_QL70_ML2_.jpg,"1652",https://www.amazon.com/Wireless-Bluetooth-Headphones-Aresrora-Limiting/dp/B0824LRWXS,AMZN-90
3%,1%,4%,14%,77%,4.6,https://m.media-amazon.com/images/I/71MIFjdi+mL._AC_SY300_SX300_.jpg,"1688",https://www.amazon.com/iClever-Headphones-Colorful-Wireless-Bluetooth/dp/B0895PBJCQ,AMZN-91
3%,1%,5%,10%,81%,4.6,https://images-na.ssl-images-amazon.com/images/I/71C79YXLxqL.__AC_SX300_SY300_QL70_ML2_.jpg,"1846",https://www.amazon.com/Bose-QuietComfort-Headphones-Samsung-Android/dp/B00XLIFRZQ,AMZN-92
3%,2%,4%,13%,78%,4.6,https://images-na.ssl-images-amazon.com/images/I/61j4ft3GeOL.__AC_SX300_SY300_QL70_ML2_.jpg,"2002",https://www.amazon.com/JBL-T600BTNC-Cancelling-Bluetooth-Headphone/dp/B07PGR1KF9,AMZN-93
3%,2%,6%,11%,79%,4.6,https://images-na.ssl-images-amazon.com/images/I/71QYkHDWotL.__AC_SY300_SX300_QL70_ML2_.jpg,"2021",https://www.amazon.com/eKids-Bluetooth-Headphones-Microphone-Adjustable/dp/B07VGP7C9S,AMZN-94
3%,0%,6%,12%,80%,4.7,https://images-na.ssl-images-amazon.com/images/I/619bdx-q9KL.__AC_SX300_SY300_QL70_ML2_.jpg,"62",https://www.amazon.com/HarmonicDyne-Beryllium-Headphone-High-Definition-Performance/dp/B08L3MMGY8,AMZN-95
3%,2%,4%,15%,77%,4.6,https://images-na.ssl-images-amazon.com/images/I/61q2zYSX7DL.__AC_SX300_SY300_QL70_ML2_.jpg,"2145",https://www.amazon.com/JBL-Tune-510BT-Ear-Headphones/dp/B08WM3LMJF,AMZN-96
3%,1%,6%,11%,79%,4.6,https://images-na.ssl-images-amazon.com/images/I/618oRVqegLL.__AC_SX300_SY300_QL70_ML2_.jpg,"540",https://www.amazon.com/Headphones-Yinyoo-Earphones-Balanced-mic/dp/B07QTPSTHM,AMZN-97
0%,0%,6%,12%,82%,4.8,https://m.media-amazon.com/images/I/71LUj+SG4ZL._AC_SX300_SY300_.jpg,"30",https://www.amazon.com/eKids-Bluetooth-Headphones-Wireless-Microphone/dp/B08X8LJMHN,AMZN-98
2%,1%,7%,11%,79%,4.6,https://images-na.ssl-images-amazon.com/images/I/61sA7sOgcKL.__AC_SX300_SY300_QL70_ML2_.jpg,"546",https://www.amazon.com/Headphones-VoliDog-Function-Protection-Material/dp/B07YZCXBV6,AMZN-99
3%,3%,5%,12%,77%,4.6,https://images-na.ssl-images-amazon.com/images/I/61BCb83XNxL.__AC_SX300_SY300_QL70_ML2_.jpg,"801",https://www.amazon.com/JBL-Bluetooth-Headphone-Blue-E55BT/dp/B01MXV1WE5,AMZN-100
3%,3%,3%,12%,80%,4.6,https://images-na.ssl-images-amazon.com/images/I/41Midcw9pmL.__AC_SY300_SX300_QL70_ML2_.jpg,"792",https://www.amazon.com/Sony-Mdr-cd900st-Studio-Monitor-Headphones/dp/B000UPEJCU,AMZN-101
4%,3%,4%,12%,77%,4.6,https://images-na.ssl-images-amazon.com/images/I/61Vgic5YSsS.__AC_SX300_SY300_QL70_ML2_.jpg,"616",https://www.amazon.com/Headphones-Microphone-iClever-HS20-Shareport/dp/B071D9JHKG,AMZN-102
3%,2%,4%,15%,76%,4.6,https://images-na.ssl-images-amazon.com/images/I/61z-rTknwVS.__AC_SX300_SY300_QL70_ML2_.jpg,"652",https://www.amazon.com/RORSOU-R10-Headphones-Microphone-Lightweight/dp/B094NC89P9,AMZN-103
3%,1%,5%,14%,77%,4.6,https://images-na.ssl-images-amazon.com/images/I/61VeRVLLlzL.__AC_SX300_SY300_QL70_ML2_.jpg,"631",https://www.amazon.com/LilGadgets-Connect-Headphones-SharePort-Children/dp/B076HDSDC3,AMZN-104
3%,2%,4%,12%,80%,4.6,https://images-na.ssl-images-amazon.com/images/I/91T-cgxqECL.__AC_SX300_SY300_QL70_ML2_.jpg,"841",https://www.amazon.com/BlueParrott-BPB-35020-Canceling-Headphones-Replacement/dp/B08849QVQY,AMZN-105
3%,1%,5%,16%,75%,4.6,https://images-na.ssl-images-amazon.com/images/I/718StRSEA1L.__AC_SX300_SY300_QL70_ML2_.jpg,"822",https://www.amazon.com/Skullcandy-Bluetooth-Wireless-Headphones-Rechargeable/dp/B01BPFGMZK,AMZN-106
4%,1%,4%,15%,76%,4.6,https://images-na.ssl-images-amazon.com/images/I/51aY9qPkbDL.__AC_SX300_SY300_QL70_ML2_.jpg,"909",https://www.amazon.com/KRK-Closed-Circumaural-Monitor-Headphones/dp/B004ARSMXQ,AMZN-107
2%,3%,7%,12%,76%,4.6,https://images-na.ssl-images-amazon.com/images/I/81jp3UBfO4L.__AC_SX300_SY300_QL70_ML2_.jpg,"971",https://www.amazon.com/eKids-Headphones-Adjustable-Tangle-Free-Children/dp/B07SKKZS6Y,AMZN-108
3%,3%,5%,14%,76%,4.6,https://images-na.ssl-images-amazon.com/images/I/719sPHEZ2PL.__AC_SX300_SY300_QL70_ML2_.jpg,"921",https://www.amazon.com/Tascam-TH-MX2-Closed-Back-Mixing-Headphones/dp/B00GBATPIG,AMZN-109
3%,2%,5%,15%,75%,4.6,https://images-na.ssl-images-amazon.com/images/I/61IFCQOlfBL.__AC_SX300_SY300_QL70_ML2_.jpg,"409",https://www.amazon.com/gorsun-Headphones-Children-Headsets-Retractable/dp/B08S7V3BNM,AMZN-110
2%,2%,7%,12%,77%,4.6,https://images-na.ssl-images-amazon.com/images/I/610upHSRfyS.__AC_SX300_SY300_QL70_ML2_.jpg,"444",https://www.amazon.com/Bluetooth-Headphones-Wireless-Playtime-Smartphones/dp/B08K3MMQFK,AMZN-111
1%,3%,6%,16%,74%,4.6,https://images-na.ssl-images-amazon.com/images/I/71Te6ZgpJJL.__AC_SX300_SY300_QL70_ML2_.jpg,"428",https://www.amazon.com/Bounty-Hunter-Detector-Binaural-Headphone/dp/B00HQ658SK,AMZN-112
4%,2%,4%,14%,76%,4.6,https://images-na.ssl-images-amazon.com/images/I/812GBX9JQQL.__AC_SX300_SY300_QL70_ML2_.jpg,"431",https://www.amazon.com/Bluetooth-Deegotech-Headphones-Microphone-Gifts-Black/dp/B08CY1FYYB,AMZN-113
4%,0%,0%,13%,83%,4.7,https://images-na.ssl-images-amazon.com/images/I/71NNxGypYuL.__AC_SX300_SY300_QL70_ML2_.jpg,"56",https://www.amazon.com/UA-Sport-Wireless-Project-Headphones/dp/B083Z7KCJR,AMZN-114
3%,3%,6%,12%,76%,4.6,https://images-na.ssl-images-amazon.com/images/I/61Y6MmNb9WL.__AC_SX300_SY300_QL70_ML2_.jpg,"442",https://www.amazon.com/HIFIMAN-Audiophiles-Comfortable-Fit-Register-Manufacturers/dp/B088T14XB8,AMZN-115
3%,2%,4%,15%,76%,4.6,https://images-na.ssl-images-amazon.com/images/I/51YOs0x5WkL.__AC_SX300_SY300_QL70_ML2_.jpg,"471",https://www.amazon.com/Sony-WH-H900N-Cancelling-Resolution-Headphones/dp/B075X9M9R4,AMZN-116
2%,2%,4%,15%,78%,4.6,https://images-na.ssl-images-amazon.com/images/I/81IRb2rhIML.__AC_SX300_SY300_QL70_ML2_.jpg,"476",https://www.amazon.com/Sony-WHXB900-Wireless-Cancelling-Headphones/dp/B07VGZQJXC,AMZN-117
3%,2%,3%,13%,78%,4.6,https://images-na.ssl-images-amazon.com/images/I/8182xOzfS2L.__AC_SX300_SY300_QL70_ML2_.jpg,"483",https://www.amazon.com/Sennheiser-HD-Over-Audiophile-Headphones/dp/B08J9MVB6W,AMZN-118
3%,2%,5%,14%,76%,4.6,https://images-na.ssl-images-amazon.com/images/I/61-EktatjwL.__AC_SX300_SY300_QL70_ML2_.jpg,"498",https://www.amazon.com/iClever-HS15-Kids-Headphones-Tangle-Free/dp/B07GLJMZN8,AMZN-119
3%,3%,5%,13%,76%,4.6,https://images-na.ssl-images-amazon.com/images/I/71dyR9RH2LS.__AC_SX300_SY300_QL70_ML2_.jpg,"486",https://www.amazon.com/Picun-Bluetooth-Headphones-Microphone-Multi-Function/dp/B092M1YLVH,AMZN-120
2%,3%,5%,9%,81%,4.6,https://images-na.ssl-images-amazon.com/images/I/71RhWeHVeLL.__AC_SX300_SY300_QL70_ML2_.jpg,"498",https://www.amazon.com/Charlxee-Headphones-Microphone-Adjustable-Headset-Purple/dp/B087N391LT,AMZN-121
2%,2%,7%,17%,72%,4.6,https://images-na.ssl-images-amazon.com/images/I/71yFi1m-QzL.__AC_SX300_SY300_QL70_ML2_.jpg,"397",https://www.amazon.com/Bluetooth-Wireless-Headphone-Upgraded-Suitable/dp/B07WDCJ3RK,AMZN-122
0%,3%,5%,10%,81%,4.7,https://images-na.ssl-images-amazon.com/images/I/91uynfLHkOL.__AC_SX300_SY300_QL70_ML2_.jpg,"49",https://www.amazon.com/Audio-Technica-Headphones-Full-Sized-Headphone-Blucoil/dp/B07RD8271K,AMZN-123
2%,0%,8%,4%,86%,4.7,https://images-na.ssl-images-amazon.com/images/I/41I9h0TbQtL.__AC_SX300_SY300_QL70_ML2_.jpg,"49",https://www.amazon.com/Audiovox-Wireless-Fold-Flat-Headphones-Batteries/dp/B009M7G9PM,AMZN-124
3%,3%,5%,12%,77%,4.6,https://images-na.ssl-images-amazon.com/images/I/61nDsRLm59L.__AC_SX300_SY300_QL70_ML2_.jpg,"237",https://www.amazon.com/Sennheiser-Flex-5000-Wireless-Headphone/dp/B06XYSRVR5,AMZN-125
1%,1%,8%,18%,72%,4.6,https://images-na.ssl-images-amazon.com/images/I/71qINM2HCUL.__AC_SX300_SY300_QL70_ML2_.jpg,"251",https://www.amazon.com/Upgraded-Bluetooth-Wireless-Headphones-Christmas/dp/B08KT8L9RZ,AMZN-126
3%,3%,0%,12%,81%,4.7,https://images-na.ssl-images-amazon.com/images/I/71N1aEzJoiL.__AC_SX300_SY300_QL70_ML2_.jpg,"50",https://www.amazon.com/Audio-Technica-ATH-M50XMO-Professional-Headphones-Metallic/dp/B09BZ32BRC,AMZN-127
3%,2%,4%,16%,74%,4.6,https://images-na.ssl-images-amazon.com/images/I/61vSOhE2w7L.__AC_SX300_SY300_QL70_ML2_.jpg,"260",https://www.amazon.com/JBL-Tune-660NC-Ear-Cancellation/dp/B08WNBYQC9,AMZN-128
3%,3%,6%,12%,76%,4.6,https://images-na.ssl-images-amazon.com/images/I/410qkYmCbjL.__AC_SX300_SY300_QL70_ML2_.jpg,"256",https://www.amazon.com/Bluetooth-Headphones-Rechargeable-Microphone-Detachable/dp/B07D41TX5F,AMZN-129
3%,4%,3%,12%,79%,4.6,https://images-na.ssl-images-amazon.com/images/I/81wy2MmdmfL.__AC_SX300_SY300_QL70_ML2_.jpg,"300",https://www.amazon.com/Philips-X2HR-Fidelio-Headphone-Black/dp/B06ZZXKZ25,AMZN-130
4%,2%,5%,10%,80%,4.6,https://images-na.ssl-images-amazon.com/images/I/71KaVH-IkBL.__AC_SY300_SX300_QL70_ML2_.jpg,"311",https://www.amazon.com/Beat-Kicks-Protective-Headphone-Regular/dp/B07PMFPRGZ,AMZN-131
2%,2%,6%,11%,80%,4.6,https://m.media-amazon.com/images/I/81+cQQOQSQL._AC_SY300_SX300_.jpg,"336",https://www.amazon.com/Over-Ear-Headphones-Adjustable-Closed-Back-Audiophiles/dp/B06XKJ2GK4,AMZN-132
3%,1%,4%,19%,73%,4.6,https://images-na.ssl-images-amazon.com/images/I/61HLHeghxkS.__AC_SX300_SY300_QL70_ML2_.jpg,"327",https://www.amazon.com/iClever-HS21-Headphones-Microphone-Extendable/dp/B08PV67DZL,AMZN-133
4%,2%,4%,10%,80%,4.6,https://images-na.ssl-images-amazon.com/images/I/71VibEQMdZL.__AC_SX300_SY300_QL70_ML2_.jpg,"362",https://www.amazon.com/Charlxee-Wireless-Headphones-Microphone-Children/dp/B08SQ3BWP2,AMZN-134
0%,4%,5%,14%,77%,4.6,https://images-na.ssl-images-amazon.com/images/I/61kHo3PAdaL.__AC_SX300_SY300_QL70_ML2_.jpg,"133",https://www.amazon.com/SIVGA-Classic-Zebrano-Over-Ear-Headphone/dp/B09CGNG6WP,AMZN-135
4%,2%,4%,11%,78%,4.6,https://images-na.ssl-images-amazon.com/images/I/51a7I0HbPJL.__AC_SX300_SY300_QL70_ML2_.jpg,"135",https://www.amazon.com/Aenllosi-Carrying-Beyerdynamic-Over-Ear-Headphones/dp/B07Y5LT16Q,AMZN-136
6%,1%,4%,3%,86%,4.6,https://images-na.ssl-images-amazon.com/images/I/71PEV0gryIL.__AC_SX300_SY300_QL70_ML2_.jpg,"137",https://www.amazon.com/Bluetooth-Headphones-Waterproof-Cancelling-Microphone/dp/B09JYNRS52,AMZN-137
0%,0%,5%,6%,89%,4.8,https://images-na.ssl-images-amazon.com/images/I/71dIdPm7O9L.__AC_SY300_SX300_QL70_ML2_.jpg,"26",https://www.amazon.com/eKids-Bluetooth-Headphones-Wireless-Microphone/dp/B09GD21695,AMZN-138
3%,2%,5%,17%,73%,4.6,https://images-na.ssl-images-amazon.com/images/I/91PCSE0BmOS.__AC_SX300_SY300_QL70_ML2_.jpg,"166",https://www.amazon.com/GRADO-SR80x-Prestige-Stereo-Headphones/dp/B091G75MKL,AMZN-139
0%,0%,7%,21%,73%,4.7,https://images-na.ssl-images-amazon.com/images/I/614JsvPgW7L.__AC_SY300_SX300_QL70_ML2_.jpg,"45",https://www.amazon.com/Califone-2800-BL-Listening-First-Headphones/dp/B00OA4THD8,AMZN-140
3%,1%,6%,14%,76%,4.6,https://images-na.ssl-images-amazon.com/images/I/61l47zSs4dL.__AC_SY300_SX300_QL70_ML2_.jpg,"162",https://www.amazon.com/Headphones-Adjustable-Headband-Tangle-Free-Childrens/dp/B07RZ9JFKT,AMZN-141
4%,1%,5%,7%,82%,4.6,https://images-na.ssl-images-amazon.com/images/I/81RnmDDYd3L.__AC_SX300_SY300_QL70_ML2_.jpg,"182",https://www.amazon.com/Pioneer-DJ-HDJ-X5BT-N-Headphones-Gold/dp/B07XW3B1Z9,AMZN-142
4%,1%,6%,14%,75%,4.6,https://images-na.ssl-images-amazon.com/images/I/81-PMGAEYML.__AC_SX300_SY300_QL70_ML2_.jpg,"191",https://www.amazon.com/eKids-Headphones-Adjustable-Tangle-Free-Childrens/dp/B088B67JTV,AMZN-143
0%,0%,0%,23%,77%,4.8,https://images-na.ssl-images-amazon.com/images/I/71lUoUwDNqS.__AC_SX300_SY300_QL70_ML2_.jpg,"27",https://www.amazon.com/Riwbox-Headphones-Wireless-Foldable-Bluetooth/dp/B08FC5R31M,AMZN-144
0%,5%,0%,0%,95%,4.8,https://images-na.ssl-images-amazon.com/images/I/71vif51AbfL.__AC_SX300_SY300_QL70_ML2_.jpg,"27",https://www.amazon.com/Bluetooth-Headphones-Waterproof-Cancelling-Earphones/dp/B09MVVW7GN,AMZN-145
4%,3%,4%,9%,80%,4.6,https://images-na.ssl-images-amazon.com/images/I/61mq3DocJ1L.__AC_SX300_SY300_QL70_ML2_.jpg,"174",https://www.amazon.com/Bose-Cancelling-Bluetooth-Headphones-Soapstone/dp/B084HP2PTN,AMZN-146
3%,3%,5%,7%,81%,4.6,https://images-na.ssl-images-amazon.com/images/I/71ieX9D-W8L.__AC_SX300_SY300_QL70_ML2_.jpg,"175",https://www.amazon.com/Vislla-Bluetooth-Headphones-Waterproof-Earphones/dp/B09GDXGT8D,AMZN-147
3%,3%,7%,11%,77%,4.6,https://images-na.ssl-images-amazon.com/images/I/31VtUJmAL5L.__AC_SY300_SX300_QL70_ML2_.jpg,"206",https://www.amazon.com/Hello-Bluetooth-Headphones-Microphone-Activation/dp/B076P474SS,AMZN-148
2%,3%,7%,12%,76%,4.6,https://images-na.ssl-images-amazon.com/images/I/81sYXaPeaSS.__AC_SX300_SY300_QL70_ML2_.jpg,"197",https://www.amazon.com/Headphones-Parental-Mandalorian-Toddlers-Children/dp/B08BQX54L6,AMZN-149
9%,0%,0%,2%,89%,4.6,https://images-na.ssl-images-amazon.com/images/I/71vkIcDetsL.__AC_SX300_SY300_QL70_ML2_.jpg,"77",https://www.amazon.com/Wireless-Bluetooth-Headphones-Earphones-Waterproof/dp/B09H429GTJ,AMZN-150
3%,0%,7%,13%,77%,4.6,https://images-na.ssl-images-amazon.com/images/I/41-DI4X6XAL.__AC_SY445_SX342_QL70_ML2_.jpg,"84",https://www.amazon.com/Beats-Solo%C2%B3-Wireless-Ear-Headphones/dp/B087431NYY,AMZN-151
5%,0%,6%,11%,78%,4.6,https://images-na.ssl-images-amazon.com/images/I/517EGsyLMlL.__AC_SX300_SY300_QL70_ML2_.jpg,"78",https://www.amazon.com/Headphone-Universal-Aluminum-Showing-Microsoft/dp/B08NPPK1PY,AMZN-152
3%,2%,4%,11%,80%,4.6,https://images-na.ssl-images-amazon.com/images/I/51XHStVq1JL.__AC_SY300_SX300_QL70_ML2_.jpg,"85",https://www.amazon.com/Heil-Sound-PROSET-3-Circumaural-Headphones/dp/B008D64IG0,AMZN-153
4%,0%,6%,17%,73%,4.6,https://images-na.ssl-images-amazon.com/images/I/81O3KJQp08L.__AC_SX300_SY300_QL70_ML2_.jpg,"79",https://www.amazon.com/Headphones-Limiting-Feature-Friendly-Listening/dp/B07FPPB5X7,AMZN-154
0%,0%,0%,0%,100%,5.0,https://images-na.ssl-images-amazon.com/images/I/81uFEoy8c5S.__AC_SX300_SY300_QL70_ML2_.jpg,"13",https://www.amazon.com/Headphones-Microphone-New-bee-Lightweight/dp/B097G8L8T7,AMZN-155
5%,3%,4%,7%,81%,4.6,https://images-na.ssl-images-amazon.com/images/I/71lKmUUztfL.__AC_SX300_SY300_QL70_ML2_.jpg,"102",https://www.amazon.com/HIFIMAN-Full-Size-Audiophile-Adjustable-Headphone/dp/B07K59HW9R,AMZN-156
2%,2%,7%,14%,74%,4.6,https://images-na.ssl-images-amazon.com/images/I/71a9ZU3SlPL.__AC_SX300_SY300_QL70_ML2_.jpg,"105",https://www.amazon.com/iClever-TransNova-Replaceable-Headphones-Microphone/dp/B08XV5B2KW,AMZN-157
5%,1%,0%,12%,81%,4.6,https://m.media-amazon.com/images/I/41JL+6bndFS._SX342_SY445_.jpg,"106",https://www.amazon.com/TUSITA-Magnetic-Compatible-AfterShokz-OpenComm/dp/B0972P2RHT,AMZN-158
1%,3%,9%,14%,73%,4.6,https://images-na.ssl-images-amazon.com/images/I/81kjozWXIeL.__AC_SY300_SX300_QL70_ML2_.jpg,"114",https://www.amazon.com/Headphones-Bluetooth-Fulext-Comfortable-Christmas/dp/B094VT6DBH,AMZN-159
4%,1%,5%,14%,76%,4.6,https://m.media-amazon.com/images/I/71t+nruFqTL._AC_SX300_SY300_.jpg,"106",https://www.amazon.com/eKids-Bluetooth-Headphones-Microphone-Merchandise/dp/B08Y5HS4ZH,AMZN-160
4%,2%,4%,15%,76%,4.6,https://m.media-amazon.com/images/I/61zwR++3OEL._AC_SY300_SX300_.jpg,"114",https://www.amazon.com/Beyerdynamic-Over-Ear-Studio-Headphones-Headphone/dp/B088C19X96,AMZN-161
2%,2%,7%,14%,75%,4.6,https://images-na.ssl-images-amazon.com/images/I/61jCOQDHtjL.__AC_SX300_SY300_QL70_ML2_.jpg,"120",https://www.amazon.com/Panasonic-RP-HT21-Lightweight-Headphones-Pack/dp/B01L0LPXYA,AMZN-162
3%,0%,6%,11%,80%,4.7,https://images-na.ssl-images-amazon.com/images/I/71nXYPyHoGL.__AC_SY300_SX300_QL70_ML2_.jpg,"42",https://www.amazon.com/Audeze-Headphone-Version-Creator-Package/dp/B08ZR34S9T,AMZN-163
3%,2%,4%,10%,81%,4.6,https://images-na.ssl-images-amazon.com/images/I/71OpGvsy0RL.__AC_SY300_SX300_QL70_ML2_.jpg,"128",https://www.amazon.com/Wireless-Headphones-DriveAudio-Highlander-2002-2018/dp/B071F8Z96F,AMZN-164
0%,0%,0%,21%,79%,4.8,https://images-na.ssl-images-amazon.com/images/I/61Z6K-K8KML.__AC_SX300_SY300_QL70_ML2_.jpg,"25",https://www.amazon.com/LORELEI-S9-Boys%EF%BC%8CFolding-Lightweight-Ipad%EF%BC%8CTablet/dp/B09G3D81QM,AMZN-165
4%,3%,7%,15%,71%,4.5,https://images-na.ssl-images-amazon.com/images/I/61r3c1RY6TL.__AC_SX300_SY300_QL70_ML2_.jpg,"10988",https://www.amazon.com/Picun-P26-Bluetooth-Headphones-Earphones/dp/B07D3PD31P,AMZN-166
4%,3%,7%,16%,70%,4.5,https://images-na.ssl-images-amazon.com/images/I/61Vue6u4-YS.__AC_SX300_SY300_QL70_ML2_.jpg,"10103",https://www.amazon.com/i39-Headphones-Microphone-Adjustable-Cellphones/dp/B07KQS84WH,AMZN-167
4%,2%,6%,13%,74%,4.5,https://images-na.ssl-images-amazon.com/images/I/613jq8kztUL.__AC_SX300_SY300_QL70_ML2_.jpg,"16584",https://www.amazon.com/Snug-Headphones-Limiting-Sharing-Unicorn/dp/B07S86ZG4B,AMZN-168
5%,3%,5%,11%,77%,4.5,https://images-na.ssl-images-amazon.com/images/I/51ntWa1Q0sL.__AC_SY300_SX300_QL70_ML2_.jpg,"20074",https://www.amazon.com/Bose-Cancelling-Wireless-Bluetooth-Headphones/dp/B07Q9MJKBV,AMZN-169
3%,2%,7%,16%,71%,4.5,https://images-na.ssl-images-amazon.com/images/I/71B8i95XxpL.__AC_SX300_SY300_QL70_ML2_.jpg,"28293",https://www.amazon.com/OneOdio-Headphone-Lightweight-Headphones-Monitoring/dp/B08BTFXHHN,AMZN-170
4%,3%,6%,13%,74%,4.5,https://images-na.ssl-images-amazon.com/images/I/613cZHO6IBL.__AC_SX300_SY300_QL70_ML2_.jpg,"14216",https://www.amazon.com/iClever-BoostCare-Headphones-Limited-Silicone/dp/B01JLURR2S,AMZN-171
4%,3%,7%,16%,71%,4.5,https://images-na.ssl-images-amazon.com/images/I/818p9H8LGNL.__AC_SX300_SY300_QL70_ML2_.jpg,"13740",https://www.amazon.com/OneOdio-Headphone-Lightweight-Headphones-Monitoring/dp/B07G748HKJ,AMZN-172
4%,2%,6%,16%,72%,4.5,https://images-na.ssl-images-amazon.com/images/I/81di9mF9OVL.__AC_SY300_SX300_QL70_ML2_.jpg,"16792",https://www.amazon.com/Sony-WH-CH510-Wireless-Headphones-WHCH510/dp/B07WSKKYPR,AMZN-173
0%,3%,6%,22%,69%,4.6,https://images-na.ssl-images-amazon.com/images/I/51jivNPE6TL.__AC_SY300_SX300_QL70_ML2_.jpg,"63",https://www.amazon.com/Sony-MDR-Z7M2-Headphones-Headphone-MDRZ7M2/dp/B07G7LZNTW,AMZN-174
0%,0%,0%,16%,84%,4.8,https://images-na.ssl-images-amazon.com/images/I/815ZgwYOs-L.__AC_SX300_SY300_QL70_ML2_.jpg,"21",https://www.amazon.com/Bluetooth-Headphones-Microphone-Boyfriend-Christmas/dp/B08H5H3WD2,AMZN-175
3%,2%,7%,16%,72%,4.5,https://images-na.ssl-images-amazon.com/images/I/71ZC0hq5mGL.__AC_SX300_SY300_QL70_ML2_.jpg,"72215",https://www.amazon.com/Sony-MDRZX110-BLK-Stereo-Headphones/dp/B00NJ2M33I,AMZN-176
6%,2%,3%,8%,81%,4.6,https://images-na.ssl-images-amazon.com/images/I/61cdHYevtEL.__AC_SX300_SY300_QL70_ML2_.jpg,"74",https://www.amazon.com/Sennheiser-Sealed-Headphone-HD-25/dp/B01AXUCC7A,AMZN-177
6%,0%,5%,9%,80%,4.6,https://images-na.ssl-images-amazon.com/images/I/51y4t4qDIkL.__AC_SX300_SY300_QL70_ML2_.jpg,"69",https://www.amazon.com/Tonies-Foldable-Wired-Headphones-Kids/dp/B093CMMCXV,AMZN-178
4%,2%,5%,12%,77%,4.6,https://images-na.ssl-images-amazon.com/images/I/61VEUsZ4W0L.__AC_SX300_SY300_QL70_ML2_.jpg,"76",https://www.amazon.com/Aenllosi-Carrying-Beyerdynamic-Over-Ear-Headphones/dp/B07Y5KK393,AMZN-179
3%,2%,7%,14%,74%,4.5,https://images-na.ssl-images-amazon.com/images/I/614uVUMf63L.__AC_SX300_SY300_QL70_ML2_.jpg,"10384",https://www.amazon.com/Headphones-Earphones-Isolating-Adjustable-SmartPhones/dp/B018ZICAJ2,AMZN-180
4%,3%,6%,12%,76%,4.5,https://images-na.ssl-images-amazon.com/images/I/61WQ35opIKL.__AC_SX300_SY300_QL70_ML2_.jpg,"4737",https://www.amazon.com/Headphones-Children-Adjustable-Headband-Tangle-Free/dp/B0816QQCPD,AMZN-181
2%,2%,7%,16%,72%,4.5,https://images-na.ssl-images-amazon.com/images/I/81OnmrlUepL.__AC_SY445_SX342_QL70_ML2_.jpg,"4433",https://www.amazon.com/Upgraded-Bluetooth-Headphones-Microphone-Christmas/dp/B07R51BMZC,AMZN-182
3%,2%,6%,17%,72%,4.5,https://images-na.ssl-images-amazon.com/images/I/81-5VFufp4L.__AC_SX300_SY300_QL70_ML2_.jpg,"5511",https://www.amazon.com/Sony-WH-CH700N-Canceling-Headphones-WHCH700N/dp/B079GPFLT1,AMZN-183
4%,2%,5%,13%,76%,4.5,https://images-na.ssl-images-amazon.com/images/I/71alHNNSjPL.__AC_SX300_SY300_QL70_ML2_.jpg,"6053",https://www.amazon.com/Headphones-Riwbox-Bluetooth-Limiting-Microphone/dp/B07HL1QJSZ,AMZN-184
3%,3%,5%,15%,74%,4.5,https://images-na.ssl-images-amazon.com/images/I/715nGARR9UL.__AC_SX300_SY300_QL70_ML2_.jpg,"4857",https://www.amazon.com/Samson-SR850-Semi-Open-Back-Reference-Headphones/dp/B002LBSEQS,AMZN-185
4%,3%,7%,17%,70%,4.5,https://images-na.ssl-images-amazon.com/images/I/71HE8lJEwmL.__AC_SX300_SY300_QL70_ML2_.jpg,"6071",https://www.amazon.com/Sony-MDR-ZX310AP-Headband-Stereo-Headset/dp/B00IKYI6FO,AMZN-186
4%,3%,7%,14%,72%,4.5,https://images-na.ssl-images-amazon.com/images/I/61pUluB8lTL.__AC_SX300_SY300_QL70_ML2_.jpg,"5775",https://www.amazon.com/Bluetooth-Headphones-WXY-Wireless-Lightweight/dp/B07SZ77ZDZ,AMZN-187
4%,3%,7%,15%,71%,4.5,https://images-na.ssl-images-amazon.com/images/I/718MgrOSLbL.__AC_SX300_SY300_QL70_ML2_.jpg,"7092",https://www.amazon.com/AILIHEN-Headphones-Foldable-Smartphone-Computer/dp/B076HQ2P2X,AMZN-188
3%,3%,7%,17%,69%,4.5,https://images-na.ssl-images-amazon.com/images/I/81SFIVqxUsL.__AC_SX300_SY300_QL70_ML2_.jpg,"7061",https://www.amazon.com/Headphone-Comfortable-Headphones-Shareport-Monitoring/dp/B07G74V1YP,AMZN-189
5%,3%,6%,14%,72%,4.5,https://images-na.ssl-images-amazon.com/images/I/617uzAU2LRL.__AC_SX300_SY300_QL70_ML2_.jpg,"7834",https://www.amazon.com/MIDOLA-Bluetooth-Wireless-Headphones-Cellphone/dp/B07DXP45Q7,AMZN-190
4%,3%,7%,16%,70%,4.5,https://m.media-amazon.com/images/I/71+60E2I7xL._AC_SY300_SX300_.jpg,"6987",https://www.amazon.com/JVC-HAS160B-Lightweight-Headband-Headphones/dp/B004JRYLG4,AMZN-191
4%,3%,7%,14%,72%,4.5,https://images-na.ssl-images-amazon.com/images/I/81fQmoyvOZL.__AC_SX300_SY300_QL70_ML2_.jpg,"8677",https://www.amazon.com/iJoy-Rechargeable-Wireless-Bluetooth-Headphones/dp/B01HDUTJC4,AMZN-192
4%,3%,6%,17%,70%,4.5,https://images-na.ssl-images-amazon.com/images/I/61zbE1FjIwL.__AC_SX300_SY300_QL70_ML2_.jpg,"7772",https://www.amazon.com/OneOdio-Wired-Over-Ear-Headphones/dp/B07WT15ZQF,AMZN-193
0%,0%,0%,10%,90%,4.9,https://images-na.ssl-images-amazon.com/images/I/81rsCX30pPS.__AC_SX300_SY300_QL70_ML2_.jpg,"15",https://www.amazon.com/Fulext-Headphones-Bluetooth-Wireless-Ultra-Thin/dp/B08KGJZ9KT,AMZN-194
4%,2%,6%,14%,73%,4.5,https://images-na.ssl-images-amazon.com/images/I/818zjncW69L.__AC_SX300_SY300_QL70_ML2_.jpg,"3172",https://www.amazon.com/Navly-Headphones-Bluetooth-Headband-Wireless/dp/B08SW2V6LG,AMZN-195
4%,3%,6%,15%,71%,4.5,https://images-na.ssl-images-amazon.com/images/I/612yzsgKUsL.__AC_SX300_SY300_QL70_ML2_.jpg,"3141",https://www.amazon.com/AKG-Pro-Audio-K72-CLOSED-BACK/dp/B01AYSNHVQ,AMZN-196
3%,5%,6%,15%,72%,4.5,https://images-na.ssl-images-amazon.com/images/I/61OnK6q6skL.__AC_SX300_SY300_QL70_ML2_.jpg,"3341",https://www.amazon.com/AKG-K52-Headphones/dp/B019EACGSU,AMZN-197
6%,3%,6%,12%,74%,4.5,https://images-na.ssl-images-amazon.com/images/I/61wvNRSOaqL.__AC_SX300_SY300_QL70_ML2_.jpg,"3562",https://www.amazon.com/Sony-XB950B1-Wireless-Headphones-Control/dp/B01N5UVZBP,AMZN-198
4%,2%,6%,11%,77%,4.5,https://images-na.ssl-images-amazon.com/images/I/71MPOhq29uL.__AC_SY300_SX300_QL70_ML2_.jpg,"3196",https://www.amazon.com/eKids-Headphones-Adjustable-Tangle-Free-MM-140-3Xv7/dp/B006XA7JY6,AMZN-199
4%,3%,5%,16%,72%,4.5,https://images-na.ssl-images-amazon.com/images/I/418kLMmZIYL.__AC_SX300_SY300_QL70_ML2_.jpg,"3372",https://www.amazon.com/Skullcandy-Bluetooth-Headphones-Microphone-Rechargeable/dp/B00WGMRD2S,AMZN-200
3%,2%,6%,14%,74%,4.5,https://images-na.ssl-images-amazon.com/images/I/41b8N0ZORmL.__AC_SY300_SX300_QL70_ML2_.jpg,"3512",https://www.amazon.com/Sony-Dynamic-Foldable-Headphones-MDR-ZX110-P/dp/B00HZD3UXY,AMZN-201
4%,4%,7%,11%,75%,4.5,https://images-na.ssl-images-amazon.com/images/I/61ssGNdb5kL.__AC_SX300_SY300_QL70_ML2_.jpg,"3550",https://www.amazon.com/Roland-RH-5-Monitor-Headphones/dp/B0030LLPFK,AMZN-202
3%,2%,5%,16%,73%,4.5,https://m.media-amazon.com/images/I/71tLy+xdwkL._AC_SY300_SX300_.jpg,"3582",https://www.amazon.com/OneOdio-Adapter-Free-Headphones-Monitoring-Isolation/dp/B01F59T4HU,AMZN-203
0%,3%,6%,18%,72%,4.6,https://m.media-amazon.com/images/I/51dYA+SEXUL._AC_SY300_SX300_.jpg,"59",https://www.amazon.com/JBL-E35-Signature-Headphones-Blue/dp/B01N7F2YTN,AMZN-204
4%,2%,5%,15%,75%,4.5,https://images-na.ssl-images-amazon.com/images/I/713nNpDyIhL.__AC_SX300_SY300_QL70_ML2_.jpg,"3501",https://www.amazon.com/iClever-HS19-Headphones-Microphone-Chromebooks/dp/B088Z22VYF,AMZN-205
4%,3%,5%,18%,70%,4.5,https://images-na.ssl-images-amazon.com/images/I/61FHdzR0oyL.__AC_SX300_SY300_QL70_ML2_.jpg,"2277",https://www.amazon.com/JBL-JBLE55BTBLK-Bluetooth-Over-Ear-Headphone/dp/B01M2XPWJF,AMZN-206
5%,2%,6%,11%,76%,4.5,https://images-na.ssl-images-amazon.com/images/I/71vEQ7Zk8JL.__AC_SX300_SY300_QL70_ML2_.jpg,"3875",https://www.amazon.com/charlxee-Headphones-Microphone-Children-Birthday/dp/B083WGQPC4,AMZN-207
4%,3%,7%,14%,71%,4.5,https://images-na.ssl-images-amazon.com/images/I/6172y-tqjLL.__AC_SX300_SY300_QL70_ML2_.jpg,"3799",https://www.amazon.com/RockPapa-Foldable-Adjustable-Headphones-Microphone/dp/B01N3L27WV,AMZN-208
4%,2%,6%,12%,75%,4.5,https://images-na.ssl-images-amazon.com/images/I/812IfyoMApS.__AC_SX300_SY300_QL70_ML2_.jpg,"3808",https://www.amazon.com/Headphones-Adjustable-Tangle-Free-Children-Parental/dp/B07CB2C2TK,AMZN-209
4%,2%,7%,14%,73%,4.5,https://m.media-amazon.com/images/I/614g2d3q0+L._AC_SY300_SX300_.jpg,"2407",https://www.amazon.com/JBL-TUNE-700BT-Wireless-Headphones/dp/B082WJQ3JJ,AMZN-210
4%,2%,5%,16%,74%,4.5,https://m.media-amazon.com/images/I/61+HKx2Ei4L._AC_SY300_SX300_.jpg,"2313",https://www.amazon.com/Koss-KPH30iCL-Headphones-Microphone-D-Profile/dp/B07GJVJTD5,AMZN-211
4%,3%,6%,14%,73%,4.5,https://images-na.ssl-images-amazon.com/images/I/81W2HUTYUdL.__AC_SX300_SY300_QL70_ML2_.jpg,"2474",https://www.amazon.com/Adjustable-Headphones-Earphones-Microphone-Smartphones/dp/B07DWM79Y6,AMZN-212
5%,3%,7%,12%,73%,4.5,https://images-na.ssl-images-amazon.com/images/I/81bJq-QMQNL.__AC_SX300_SY300_QL70_ML2_.jpg,"2537",https://www.amazon.com/Spiderman-Headphones-Limiting-Friendly-Listening/dp/B00IUQF7YK,AMZN-213
4%,3%,5%,15%,73%,4.5,https://m.media-amazon.com/images/I/612P3+G1kgL._AC_SY300_SX300_.jpg,"2649",https://www.amazon.com/Skullcandy-Venue-Wireless-Over-Ear-Headphone/dp/B07H4XGX16,AMZN-214
4%,3%,6%,12%,75%,4.5,https://images-na.ssl-images-amazon.com/images/I/91TF2Y6jlbL.__AC_SX300_SY300_QL70_ML2_.jpg,"2619",https://www.amazon.com/Jurassic-Headphones-Limiting-Friendly-Listening/dp/B079MDPR56,AMZN-215
3%,4%,7%,15%,70%,4.5,https://images-na.ssl-images-amazon.com/images/I/51erv0EZy3L.__AC_SX300_SY300_QL70_ML2_.jpg,"2730",https://www.amazon.com/Sony-Foldable-Headphones-MDR-ZX310-Metallic/dp/B00I3LUY68,AMZN-216
5%,3%,6%,10%,77%,4.5,https://images-na.ssl-images-amazon.com/images/I/91elo2MM7CL.__AC_SX300_SY300_QL70_ML2_.jpg,"2679",https://www.amazon.com/JoJo-Siwa-Fashion-Headphones-Microphone/dp/B074JH76KC,AMZN-217
4%,3%,7%,16%,70%,4.5,https://m.media-amazon.com/images/I/619Wlf+thML._AC_SY300_SX300_.jpg,"2763",https://www.amazon.com/Headphones-Microphone-Lightweight-Comfortable-Foldable/dp/B07J5X68B2,AMZN-218
4%,2%,6%,15%,73%,4.5,https://images-na.ssl-images-amazon.com/images/I/81kIyRB83AL.__AC_SX300_SY300_QL70_ML2_.jpg,"1666",https://www.amazon.com/Cancelling-Headphones-Playtime-Bluetooth-Microphone/dp/B085DKHY5K,AMZN-219
3%,2%,8%,15%,72%,4.5,https://images-na.ssl-images-amazon.com/images/I/715hXtbXdzL.__AC_SX300_SY300_QL70_ML2_.jpg,"2753",https://www.amazon.com/Stereo-Portable-Headphones-Headset-Samsung/dp/B011TNK6V4,AMZN-220
5%,2%,5%,14%,74%,4.5,https://images-na.ssl-images-amazon.com/images/I/71VZb8dqgBL.__AC_SX300_SY300_QL70_ML2_.jpg,"1716",https://www.amazon.com/Sennheiser-HDR120-Supplemental-Wireless-Headphone/dp/B000EBPJCO,AMZN-221
4%,3%,6%,13%,75%,4.5,https://images-na.ssl-images-amazon.com/images/I/71jfMy-8FES.__AC_SX300_SY300_QL70_ML2_.jpg,"1715",https://www.amazon.com/Kidrox-Tiger-Ear-Kids-Headphones-Adjustable/dp/B07PXDXSJJ,AMZN-222
5%,2%,6%,12%,75%,4.5,https://images-na.ssl-images-amazon.com/images/I/81EDZYRLLoL.__AC_SX300_SY300_QL70_ML2_.jpg,"1822",https://www.amazon.com/Headphones-Spiderman-Adjustable-Tangle-Free-Children/dp/B07NF6962P,AMZN-223
4%,2%,8%,16%,70%,4.5,https://images-na.ssl-images-amazon.com/images/I/61icm7bkfiL.__AC_SX300_SY300_QL70_ML2_.jpg,"1861",https://www.amazon.com/Skullcandy-Bluetooth-Headphones-Microphone-Rechargeable/dp/B0719HCN9M,AMZN-224
4%,3%,5%,15%,73%,4.5,https://images-na.ssl-images-amazon.com/images/I/710Og08oG1L.__AC_SX300_SY300_QL70_ML2_.jpg,"1948",https://www.amazon.com/Neewer-Studio-Monitor-Headphones-4inch-6-35mm/dp/B06WP61H23,AMZN-225
3%,3%,6%,14%,74%,4.5,https://images-na.ssl-images-amazon.com/images/I/715eQyMv55L.__AC_SX300_SY300_QL70_ML2_.jpg,"1960",https://www.amazon.com/Picun-Bluetooth-Headphones-Wireless-Cellphone/dp/B07MJ8NKYM,AMZN-226
6%,2%,5%,14%,73%,4.5,https://images-na.ssl-images-amazon.com/images/I/615mrFiMpfL.__AC_SX300_SY300_QL70_ML2_.jpg,"1915",https://www.amazon.com/Puro-Sound-Labs-Bluetooth-Headphones/dp/B08JG5JJD7,AMZN-227
3%,3%,8%,15%,72%,4.5,https://images-na.ssl-images-amazon.com/images/I/71ExLpQ0xML.__AC_SX300_SY300_QL70_ML2_.jpg,"2040",https://www.amazon.com/Skullcandy-Bluetooth-Headphones-Microphone-Rechargeable/dp/B013UQN7JG,AMZN-228
3%,3%,5%,16%,73%,4.5,https://m.media-amazon.com/images/I/71JkDA5Pm+L._AC_SY300_SX300_.jpg,"1987",https://www.amazon.com/V-MODA-Crossfade-Over-Headphones-Gunmetal/dp/B003BYRGKY,AMZN-229
5%,4%,4%,11%,76%,4.5,https://images-na.ssl-images-amazon.com/images/I/61Nz8Ix0YHL.__AC_SX300_SY300_QL70_ML2_.jpg,"2129",https://www.amazon.com/Sony-Noise-Cancelling-Headphones-WH1000XM2/dp/B074KBWVYT,AMZN-230
4%,2%,7%,17%,70%,4.5,https://images-na.ssl-images-amazon.com/images/I/61uYsVx0x7L.__AC_SX300_SY300_QL70_ML2_.jpg,"2144",https://www.amazon.com/JBL-TUNE-500-Ear-Headphones/dp/B07PK11GBX,AMZN-231
4%,2%,7%,11%,76%,4.5,https://images-na.ssl-images-amazon.com/images/I/81FUQSl7IeL.__AC_SX300_SY300_QL70_ML2_.jpg,"1993",https://www.amazon.com/Headphones-Limiting-Feature-Friendly-Listening/dp/B079Z35BYF,AMZN-232
4%,3%,7%,13%,73%,4.5,https://images-na.ssl-images-amazon.com/images/I/61pyzZ-IHKL.__AC_SX300_SY300_QL70_ML2_.jpg,"2166",https://www.amazon.com/Headphones-Adjustable-Isolating-Microphone-Computers/dp/B01HM2V1UQ,AMZN-233
3%,2%,6%,15%,73%,4.5,https://images-na.ssl-images-amazon.com/images/I/71KbTAWLTNL.__AC_SX300_SY300_QL70_ML2_.jpg,"1227",https://www.amazon.com/LORELEI-X8-Headphones-1-45m-Tangle-Free-Lightweight/dp/B08JCD23MJ,AMZN-234
3%,2%,6%,13%,75%,4.5,https://images-na.ssl-images-amazon.com/images/I/615EiMBk2KL.__AC_SX300_SY300_QL70_ML2_.jpg,"1347",https://www.amazon.com/JBL-Kids-Headphones-Sound-Technology/dp/B07P577MS7,AMZN-235
3%,3%,7%,16%,70%,4.5,https://m.media-amazon.com/images/I/71umBdKj+sL._AC_SY300_SX300_.jpg,"1280",https://www.amazon.com/Sony-XB550AP-Extra-Headphone-Black/dp/B01MSD6RNP,AMZN-236
4%,2%,7%,13%,74%,4.5,https://images-na.ssl-images-amazon.com/images/I/717IWd3RWpL.__AC_SX300_SY300_QL70_ML2_.jpg,"1294",https://www.amazon.com/Yomuse-Headphones-Microphone-Adjustable-SmartPhones/dp/B07338M99S,AMZN-237
5%,2%,5%,13%,75%,4.5,https://images-na.ssl-images-amazon.com/images/I/519bk-Y47BL.__AC_SX300_SY300_QL70_ML2_.jpg,"1399",https://www.amazon.com/Jabra-Evolve-Headset-Headphones-Packaging/dp/B06XWL72HP,AMZN-238
3%,2%,6%,14%,74%,4.5,https://m.media-amazon.com/images/I/61+DgKu4NIL._AC_SY300_SX300_.jpg,"1511",https://www.amazon.com/Nivava-Headphones-Children-Lightweight-Cellphones/dp/B07XCWK4K6,AMZN-239
6%,3%,4%,11%,76%,4.5,https://images-na.ssl-images-amazon.com/images/I/81rq0q494WL.__AC_SX300_SY300_QL70_ML2_.jpg,"1522",https://www.amazon.com/beyerdynamic-Premium-Over-Ear-Stereo-Headphones-high-end/dp/B00193FT26,AMZN-240
4%,3%,6%,13%,75%,4.5,https://m.media-amazon.com/images/I/61k48I+hj0L._AC_SY300_SX300_.jpg,"1535",https://www.amazon.com/Riwbox-BT05-Headphones-Bluetooth-Compatible/dp/B07XM1GWQ1,AMZN-241
3%,2%,5%,17%,73%,4.5,https://images-na.ssl-images-amazon.com/images/I/71gGxB8OdoL.__AC_SX300_SY300_QL70_ML2_.jpg,"1603",https://www.amazon.com/PHILIPS-Headphones-SHL3075WT-Domestic-products%E3%80%91/dp/B00VK5BQE8,AMZN-242
2%,3%,6%,19%,70%,4.5,https://images-na.ssl-images-amazon.com/images/I/612J2spE5MS.__AC_SX300_SY300_QL70_ML2_.jpg,"1596",https://www.amazon.com/Soundcore-Cancelling-Headphones-Bluetooth-Comfortable/dp/B08X3PRQTD,AMZN-243
4%,4%,8%,10%,75%,4.5,https://images-na.ssl-images-amazon.com/images/I/81AiPxDOJ1L.__AC_SX300_SY300_QL70_ML2_.jpg,"1513",https://www.amazon.com/Disney-Headphones-Adjustable-Tangle-Free-Frustration/dp/B004Z4C0RI,AMZN-244
5%,3%,4%,10%,78%,4.5,https://m.media-amazon.com/images/I/71T+irwN3tL._AC_SY300_SX300_.jpg,"1640",https://www.amazon.com/Skullcandy-Personalized-Canceling-Wireless-Headphone/dp/B07VTCLHYG,AMZN-245
4%,4%,7%,12%,73%,4.5,https://images-na.ssl-images-amazon.com/images/I/61cz-te1T5L.__AC_SX300_SY300_QL70_ML2_.jpg,"850",https://www.amazon.com/Monster-NC-MH-NTU-C-BL/dp/B00CZ1WDM0,AMZN-246
1%,1%,11%,11%,75%,4.6,https://images-na.ssl-images-amazon.com/images/I/41mR6mxjRrL.__AC_SX300_SY300_QL70_ML2_.jpg,"56",https://www.amazon.com/TUINYO-Bluetooth-Headphones-Rose-Gold/dp/B092QBKXBG,AMZN-247
5%,4%,5%,10%,75%,4.5,https://images-na.ssl-images-amazon.com/images/I/71ZSPqs4wVL.__AC_SX300_SY300_QL70_ML2_.jpg,"921",https://www.amazon.com/Headphones-Glitter-Limiting-Adjustable-Purple-Bear/dp/B07TFKYJR1,AMZN-248
4%,2%,5%,13%,76%,4.5,https://images-na.ssl-images-amazon.com/images/I/61eJhLsaV0L.__AC_SX300_SY300_QL70_ML2_.jpg,"987",https://www.amazon.com/HIFIMAN-SUNDARA-Over-Ear-Full-Size-Headphones/dp/B077XDWT7X,AMZN-249
0%,0%,14%,3%,83%,4.7,https://images-na.ssl-images-amazon.com/images/I/81LiT4L2tzL.__AC_SX300_SY300_QL70_ML2_.jpg,"29",https://www.amazon.com/Headphones-Bluetooth-Headband-ERNSTING-Headbands/dp/B08G8CPCXN,AMZN-250
4%,2%,6%,15%,73%,4.5,https://images-na.ssl-images-amazon.com/images/I/81hd4GUoP5L.__AC_SY300_SX300_QL70_ML2_.jpg,"979",https://www.amazon.com/Sleeping-Headphones-Bluetooth-Perytong-Headbands/dp/B098F5TWPN,AMZN-251
5%,3%,4%,13%,74%,4.5,https://m.media-amazon.com/images/I/71gjZJh+A5L._AC_SY300_SX300_.jpg,"1011",https://www.amazon.com/Monster-Mobile-Headphones-Discontinued-Manufacturer/dp/B00AQMQ8FS,AMZN-252
4%,3%,5%,14%,74%,4.5,https://images-na.ssl-images-amazon.com/images/I/71a5UwakPiL.__AC_SX300_SY300_QL70_ML2_.jpg,"1015",https://www.amazon.com/SIMOLIO-Wireless-Bluetooth-Headphone-Headphones/dp/B07L4F752S,AMZN-253
4%,2%,6%,11%,77%,4.5,https://m.media-amazon.com/images/I/81KAt+WKZPL._AC_SY300_SX300_.jpg,"1024",https://www.amazon.com/eKids-Headphones-Adjustable-Tangle-Free-Childrens/dp/B0856SMBM7,AMZN-254
3%,3%,7%,13%,74%,4.5,https://images-na.ssl-images-amazon.com/images/I/61pk54NHQwL.__AC_SX300_SY300_QL70_ML2_.jpg,"1040",https://www.amazon.com/Sennheiser-HD-569-Closed-Headphone/dp/B01L1IIF1A,AMZN-255
3%,2%,5%,15%,74%,4.5,https://images-na.ssl-images-amazon.com/images/I/61mAMtSacyL.__AC_SX300_SY300_QL70_ML2_.jpg,"1078",https://www.amazon.com/JBL-Live-Around-Ear-Wireless-Headphone/dp/B07Q47P5BQ,AMZN-256
4%,3%,6%,12%,75%,4.5,https://images-na.ssl-images-amazon.com/images/I/71h2HWoQBEL.__AC_SY300_SX300_QL70_ML2_.jpg,"1102",https://www.amazon.com/JBL-E55BT-Over-Ear-Wireless-Headphones/dp/B01N7CV2TS,AMZN-257
3%,3%,6%,16%,72%,4.5,https://images-na.ssl-images-amazon.com/images/I/71LQv2SAU4L.__AC_SX300_SY300_QL70_ML2_.jpg,"1109",https://www.amazon.com/JVC-HARX700-Precision-Sound-Headphones/dp/B0013OWPV4,AMZN-258
3%,4%,6%,13%,75%,4.5,https://images-na.ssl-images-amazon.com/images/I/71u2kov-lxL.__AC_SX300_SY300_QL70_ML2_.jpg,"834",https://www.amazon.com/Marshall-Major-Bluetooth-Headphone-Black/dp/B08KHT2HDT,AMZN-259
4%,2%,7%,15%,72%,4.5,https://m.media-amazon.com/images/I/618aZl+XcmL._AC_SY300_SX300_.jpg,"1167",https://www.amazon.com/KidMoments-Headphones-Protection-Material-Tangle-Free/dp/B0873WWKFX,AMZN-260
3%,1%,10%,12%,74%,4.5,https://images-na.ssl-images-amazon.com/images/I/61GzVo5PEvL.__AC_SY445_SX342_QL70_ML2_.jpg,"1188",https://www.amazon.com/Bluetooth-Beanie-Unisex-Headphones-Speakers/dp/B09J8WNB94,AMZN-261
5%,3%,6%,14%,73%,4.5,https://images-na.ssl-images-amazon.com/images/I/71i4AFnv9IL.__AC_SX300_SY300_QL70_ML2_.jpg,"1612",https://www.amazon.com/Bluetooth-Wireless-Headphones-Playtime-Ultra-Plush/dp/B07R4BXTPS,AMZN-262
4%,4%,7%,12%,73%,4.5,https://images-na.ssl-images-amazon.com/images/I/719LQKbc7sL.__AC_SX300_SY300_QL70_ML2_.jpg,"1219",https://www.amazon.com/Bose-Headphones-Around-Ear-Discontinued-Manufacturer/dp/B00IUICOK8,AMZN-263
3%,2%,5%,16%,73%,4.5,https://images-na.ssl-images-amazon.com/images/I/61DR0O1YOfL.__AC_SX300_SY300_QL70_ML2_.jpg,"1653",https://www.amazon.com/iClever-Headphones-Backlight-Headsets-Cat-Inspired/dp/B06ZYZJDY3,AMZN-264
4%,3%,6%,16%,72%,4.5,https://images-na.ssl-images-amazon.com/images/I/71fqoZeHgpL.__AC_SX300_SY300_QL70_ML2_.jpg,"2201",https://www.amazon.com/Sony-WH-XB700-Wireless-Bluetooth-Headphones/dp/B07PGL8J8G,AMZN-265
4%,2%,7%,11%,76%,4.5,https://images-na.ssl-images-amazon.com/images/I/81xV4fDF9HL.__AC_SX300_SY300_QL70_ML2_.jpg,"1676",https://www.amazon.com/Shure-Professional-Headphones-designed-Recording/dp/B08JNBJHFV,AMZN-266
3%,3%,6%,14%,74%,4.5,https://images-na.ssl-images-amazon.com/images/I/51qgUsb2csL.__AC_SX300_SY300_QL70_ML2_.jpg,"2136",https://www.amazon.com/gorsun-Bluetooth-Headphones-Microphone-Protection/dp/B08BY94T4X,AMZN-267
4%,3%,5%,13%,75%,4.5,https://m.media-amazon.com/images/I/61RL+6zuYrL._AC_SY300_SX300_.jpg,"2964",https://www.amazon.com/V-MODA-Crossfade-Over-Ear-Noise-Isolating-Headphone/dp/B00A39PPI0,AMZN-268
4%,3%,7%,17%,69%,4.5,https://images-na.ssl-images-amazon.com/images/I/61gmiEMKAPL.__AC_SX300_SY300_QL70_ML2_.jpg,"3246",https://www.amazon.com/Sony-Foldable-Headphones-Smartphone-Control/dp/B00I3LV3P4,AMZN-269
4%,2%,5%,11%,77%,4.5,https://images-na.ssl-images-amazon.com/images/I/71bJcEynayL.__AC_SX300_SY300_QL70_ML2_.jpg,"3046",https://www.amazon.com/Marshall-Headphones-Limiting-Friendly-Listening/dp/B012MPFP7I,AMZN-270
4%,3%,6%,14%,73%,4.5,https://images-na.ssl-images-amazon.com/images/I/71ijP4GLeLL.__AC_SX300_SY300_QL70_ML2_.jpg,"3112",https://www.amazon.com/Adjustable-Headphones-Lightweight-Microphone-Smartphones/dp/B01CLGJCBI,AMZN-271
4%,3%,6%,15%,72%,4.5,https://images-na.ssl-images-amazon.com/images/I/61mIMFrcI2L.__AC_SX300_SY300_QL70_ML2_.jpg,"3942",https://www.amazon.com/AfterShokz-Conduction-Headphones-Reflective-AS600SG-BR/dp/B07G3JMPBZ,AMZN-272
4%,2%,7%,13%,75%,4.5,https://images-na.ssl-images-amazon.com/images/I/413Yea41ZBL.__AC_SX300_SY300_QL70_ML2_.jpg,"3951",https://www.amazon.com/Sennheiser-HD280PRO-Headphones-old-model/dp/B000065BPB,AMZN-273
5%,2%,4%,12%,77%,4.5,https://images-na.ssl-images-amazon.com/images/I/61l56yUbslL.__AC_SY300_SX300_QL70_ML2_.jpg,"13181",https://www.amazon.com/Bose-QuietComfort-Acoustic-Cancelling-Headphones/dp/B00M1NEUKK,AMZN-274
0%,3%,9%,15%,73%,4.6,https://images-na.ssl-images-amazon.com/images/I/51a19e9fVKL.__AC_SX300_SY300_QL70_ML2_.jpg,"77",https://www.amazon.com/Puro-Sound-Labs-Cancelling-Headphones/dp/B087QV671C,AMZN-275
2%,4%,4%,7%,82%,4.6,https://images-na.ssl-images-amazon.com/images/I/81xlpv2kBjL.__AC_SX300_SY300_QL70_ML2_.jpg,"76",https://www.amazon.com/Headband-Wireless-Headphones-Comfortable-Sleeping/dp/B09FYXV44L,AMZN-276
3%,0%,4%,17%,75%,4.6,https://images-na.ssl-images-amazon.com/images/I/71bMFhDuUiL.__AC_SX300_SY300_QL70_ML2_.jpg,"218",https://www.amazon.com/JLab-Headphones-Ultra-Plush-Cushions-Neodymium/dp/B07R7D86CN,AMZN-277
2%,2%,3%,14%,79%,4.6,https://images-na.ssl-images-amazon.com/images/I/51De89D7MzL.__AC_SX300_SY300_QL70_ML2_.jpg,"370",https://www.amazon.com/Belkin-SoundForm-Headphones-Microphone-Compatible/dp/B08V9J13H4,AMZN-278
0%,0%,5%,20%,76%,4.7,https://images-na.ssl-images-amazon.com/images/I/61qH8wQvW0L.__AC_SX300_SY300_QL70_ML2_.jpg,"54",https://www.amazon.com/RORSOU-R8-Headphones-Microphone-Lightweight/dp/B09C88XXYN,AMZN-279
3%,2%,3%,15%,77%,4.6,https://images-na.ssl-images-amazon.com/images/I/61MeBcoQHsL.__AC_SX300_SY300_QL70_ML2_.jpg,"389",https://www.amazon.com/Vic-Firth-DB22-Headphones-Protection/dp/B0002F513E,AMZN-280
2%,2%,8%,14%,74%,4.6,https://images-na.ssl-images-amazon.com/images/I/41O8cJYZQeL.__AC_SX300_SY300_QL70_ML2_.jpg,"499",https://www.amazon.com/Stereo-Portable-Headphones-Headset-Samsung/dp/B011TNK6UK,AMZN-281
3%,2%,6%,10%,79%,4.6,https://images-na.ssl-images-amazon.com/images/I/81bg1ddd0yL.__AC_SX300_SY300_QL70_ML2_.jpg,"502",https://www.amazon.com/Trolls-Headphones-Tangle-Free-Control-Childrens/dp/B0839PYN8M,AMZN-282
4%,2%,5%,13%,76%,4.6,https://images-na.ssl-images-amazon.com/images/I/61YNODmdwJS.__AC_SX300_SY300_QL70_ML2_.jpg,"534",https://www.amazon.com/Headphones-Adjustable-Headband-Tangle-Free-Childrens/dp/B076LRMHJP,AMZN-283
2%,2%,6%,16%,74%,4.6,https://images-na.ssl-images-amazon.com/images/I/71KtAZVyB2L.__AC_SX300_SY300_QL70_ML2_.jpg,"984",https://www.amazon.com/iClever-HS17-Headphones-Microphone-Foldable/dp/B0861C6NQH,AMZN-284
3%,3%,6%,10%,78%,4.6,https://images-na.ssl-images-amazon.com/images/I/41xoaqsKi7L.__AC_SY300_SX300_QL70_ML2_.jpg,"1009",https://www.amazon.com/Sony-MDR-XB500-Diaphragm-Driver-Headphones/dp/B001RB24S2,AMZN-285
3%,2%,6%,11%,77%,4.6,https://images-na.ssl-images-amazon.com/images/I/710T75r12wL.__AC_SX300_SY300_QL70_ML2_.jpg,"2273",https://www.amazon.com/Headphones-Adjustable-Tangle-Free-Children-Parental/dp/B07PNQ9QVR,AMZN-286
3%,2%,4%,13%,78%,4.6,https://m.media-amazon.com/images/I/71FnR+97bQL._AC_SY300_SX300_.jpg,"2402",https://www.amazon.com/Noise-Cancelling-Headphones-Cancellation-High-fidelity-Transparency/dp/B08KHTJL1F,AMZN-287
2%,3%,6%,14%,74%,4.6,https://images-na.ssl-images-amazon.com/images/I/81aCpeIPh7L.__AC_SX300_SY300_QL70_ML2_.jpg,"1085",https://www.amazon.com/PreSonus-HD7-Professional-Monitoring-Headphones/dp/B004ACQMUQ,AMZN-288
3%,2%,4%,11%,80%,4.6,https://images-na.ssl-images-amazon.com/images/I/41CRiSbtJFS.__AC_SX300_SY300_QL70_ML2_.jpg,"7019",https://www.amazon.com/AfterShokz-Open-Ear-Conduction-Headphones-AS800LG/dp/B07RVPV7Q7,AMZN-289
2%,1%,5%,13%,79%,4.7,https://m.media-amazon.com/images/I/71EjJm0+2UL._AC_SY300_SX300_.jpg,"4501",https://www.amazon.com/iRAG-J01-Headphones-Foldable-Tangle-Free/dp/B07TK2XCBX,AMZN-290
2%,2%,5%,15%,76%,4.6,https://images-na.ssl-images-amazon.com/images/I/61JcYeMnkzL.__AC_SX300_SY300_QL70_ML2_.jpg,"7446",https://www.amazon.com/Philips-SHP9500S-Precision-Over-ear-Headphones/dp/B00ENMK1DW,AMZN-291
3%,2%,6%,14%,75%,4.6,https://images-na.ssl-images-amazon.com/images/I/61pwHe8ejgS.__AC_SX300_SY300_QL70_ML2_.jpg,"6443",https://www.amazon.com/Headphones-i41-Childrem-Adjustable-Cellphones/dp/B07G75SH2G,AMZN-292
2%,1%,3%,10%,84%,4.7,https://images-na.ssl-images-amazon.com/images/I/71Aclgd057L.__AC_SX300_SY300_QL70_ML2_.jpg,"4972",https://www.amazon.com/Bose-QuietComfort-Wireless-Headphones-Cancelling/dp/B07G95TJ3P,AMZN-293
2%,2%,3%,11%,83%,4.7,https://images-na.ssl-images-amazon.com/images/I/61rC-yMhtZL.__AC_SX300_SY300_QL70_ML2_.jpg,"4491",https://www.amazon.com/Sennheiser-HD-599-Open-Headphone/dp/B01L1IICR2,AMZN-294
3%,2%,3%,9%,82%,4.7,https://images-na.ssl-images-amazon.com/images/I/71o8Q5XJS5L.__AC_SX300_SY300_QL70_ML2_.jpg,"25536",https://www.amazon.com/Sony-WH-1000XM4-Canceling-Headphones-phone-call/dp/B0863TXGM3,AMZN-295
3%,1%,3%,9%,85%,4.7,https://m.media-amazon.com/images/I/51QxA-98Q+L._AC_SX342_SY445_.jpg,"31897",https://www.amazon.com/Beats-Solo3-Wireless-Ear-Headphones/dp/B07YVYZ8T5,AMZN-296
0%,0%,3%,19%,79%,4.8,https://images-na.ssl-images-amazon.com/images/I/51heBgNPg-L.__AC_SX300_SY300_QL70_ML2_.jpg,"71",https://www.amazon.com/Hermitshell-Philips-Precision-Over-Ear-Headphones/dp/B082CWZS88,AMZN-297
2%,0%,3%,6%,89%,4.8,https://images-na.ssl-images-amazon.com/images/I/71nTnRBWW6L.__AC_SX300_SY300_QL70_ML2_.jpg,"88",https://www.amazon.com/Sony-Professional-Headphones-4-Channel-Headphone/dp/B08GSSGYRN,AMZN-298
0%,0%,3%,9%,88%,4.8,https://images-na.ssl-images-amazon.com/images/I/81Xy2cU4qQL.__AC_SX300_SY300_QL70_ML2_.jpg,"89",https://www.amazon.com/Headphones-Enjoying-Wireless-Sleeping-Bluetooth/dp/B09G3J12ZK,AMZN-299
